gauge_id,cwc_lat,cwc_lon,ghi_lat,ghi_lon,elev_mean,elev_median,elev_min,elev_max,slope_mean,slope_median,slope_min,slope_max,cwc_area,ghi_area,gauge_elevation,dpsbar
3002,19.2967,81.7889,19.29786,81.78958,622.653992,625.0,535,783,3.028556683,2.68021369,0.0,39.35842133,1968.0,1931.8,541,2.54963375
3005,19.6867,79.7856,19.68537,79.78542,404.3925749,338.0,144,1204,3.946640423,2.074370861,0.0,116.3840637,50990.0,51469.4,146,4.225263319
3008,19.8139,79.3794,19.81458,79.38126,364.6207389,344.0,106,946,3.274947583,1.779052377,0.0,108.7554245,46020.0,46334.2,161,3.437317544
3009,18.705,77.545,18.71038,77.54375,493.5038492,498.0,353,668,3.499383645,2.666912317,0.0,29.10052299,2105.0,2117.2,355,4.176664222
3013,19.3303,79.5042,19.33125,79.50625,375.99271,384.0,160,656,8.145506079,4.588329315,0.0,70.93083954,3100.0,3182.0,168,8.120645244
3014,21.1072,78.1331,21.10625,78.13544,470.677791,434.0,287,946,4.402450513,2.301902294,0.0,108.7554245,5000.0,4983.6,306,5.187127927
3017,19.6464,81.4861,19.64793,81.48539,650.2287689,637.0,570,843,4.763498273,3.461853504,0.0,52.77690506,890.0,1026.2,583,3.81918252
3018,19.0794,81.3011,19.08125,81.30207,644.8308084,617.0,327,1381,6.741576508,3.336306095,0.0,92.39456177,17270.0,17995.6,329,4.916892403
3019,18.5622,77.5831,18.56041,77.58123,500.7325705,503.0,357,688,3.77639872,2.828687668,0.0,32.14984512,1900.0,1922.9,361,4.906524009
3020,19.2203,76.3633,19.21867,76.36458,577.5161957,553.0,385,1528,4.015958201,1.686703444,0.0,156.9631348,30840.0,30771.2,387,4.78567691
3024,18.8289,78.4367,18.82708,78.43542,429.5074944,409.0,314,667,3.422843514,1.968824387,0.0,45.60498047,1360.0,1426.7,318,4.278484476
3028,19.9472,79.0892,19.94791,79.08959,336.4648941,309.0,118,946,2.84445725,1.600147367,0.0,108.7554245,21429.0,19925.2,173,3.358350356
3029,19.0217,76.7292,19.02292,76.73124,568.8862464,546.0,364,1528,3.951173212,1.686703444,0.0,156.9631348,33934.0,33497.3,374,4.777294299
3030,20.5472,78.3247,20.54791,78.32295,394.5460203,366.0,232,946,3.247171636,1.738614082,0.0,108.7554245,10240.0,10292.8,237,3.912982292
3031,19.1081,82.0228,19.11041,82.02286,696.9948081,622.0,532,1381,8.794801201,3.578038216,0.0,92.39456177,7380.0,7339.7,538,5.208365232
3038,19.9611,77.1481,19.96041,77.14791,562.8214101,550.0,468,740,2.0887937,1.622219443,0.0,19.44652748,3515.0,3519.2,470,2.525515799
3040,22.3819,79.9,22.38124,79.89793,611.5832207,605.0,430,1028,4.253159706,2.451529264,0.0,59.14565659,2970.0,3059.2,442,4.900251163
3043,17.4875,81.3875,17.48542,81.3854,436.1068997,425.0,11,1664,4.773591943,2.108379364,0.0,156.9631348,305460.0,304628.7,83,4.78890407
3045,17.7989,81.3928,17.79779,81.39374,563.6983117,557.0,34,1664,12.76588259,6.248775005,0.0,141.7036743,19550.0,20333.8,36,10.63455307
3047,19.2772,82.2333,19.27711,82.23542,617.5735212,610.0,549,929,3.362185956,2.458771706,0.0,65.47418976,1635.0,1674.8,553,2.686543824
3048,21.8842,80.175,21.8854,80.17707,533.1835456,533.0,291,1028,4.506841448,2.515959978,0.0,73.57512665,8070.0,8432.2,291,5.08582885
3055,18.8358,79.4447,18.83542,79.44792,518.0094385,521.0,124,1528,3.206468379,1.738614082,0.0,156.9631348,102900.0,101456.2,127,3.791222333
3056,20.1889,77.9869,20.18962,77.98538,395.478865,392.0,284,570,2.807563656,2.004624128,0.0,29.94551849,2500.0,2187.4,288,3.008478088
3057,19.2989,80.6892,19.29779,80.68958,597.9588149,601.0,232,1381,7.275514278,3.602800131,0.0,141.7273865,24210.0,24041.7,234,5.37025309
3064,20.5256,78.8089,20.52707,78.81039,311.3618006,287.0,198,604,3.0987321,1.738614082,0.0,50.5518837,4580.0,4585.7,205,3.355240838
3068,19.1975,82.5119,19.19789,82.51038,797.434246,820.0,550,1381,14.73772118,11.32103443,0.0,92.39456177,3545.0,3661.3,559,7.94759027
3069,19.5344,74.8339,19.53543,74.83542,677.9642277,652.0,472,1528,7.632852092,3.336306095,0.0,133.1881714,5800.0,5581.8,476,8.118164944
3071,18.8525,80.3494,18.84795,80.34787,511.0164068,556.0,88,1381,7.27582219,3.587963581,0.0,141.7273865,40000.0,38979.8,110,5.563897221
3072,20.7931,79.6483,20.79378,79.65204,468.3029417,441.0,172,1204,4.328535854,2.270793915,0.0,116.3840637,35520.0,35991.5,220,4.890238699
3073,18.5872,80.3958,18.58542,80.39375,442.1184399,436.0,70,1528,4.016613144,1.968824387,0.0,156.9631348,268200.0,267340.4,73,4.128463358
3074,19.8175,78.5778,19.81459,78.57708,426.1884199,422.0,196,740,3.582409309,1.968824387,0.0,64.86959076,18441.0,19662.7,204,3.424198559
3075,17.2519,81.6564,17.25215,81.66043,435.9732298,425.0,10,1664,4.900445601,2.133529902,0.0,156.9631348,307800.0,306683.6,14,4.870795457
3076,18.1894,81.7981,18.18957,81.79791,250.5249929,203.0,128,1021,9.527590105,3.244438887,0.0,138.817337,1120.0,1175.1,133,7.63783968
3079,19.1758,77.0131,19.17709,77.01458,534.1974501,531.0,360,934,2.780564518,1.622219443,0.0,60.373909,15000.0,15554.9,361,2.872929059
3081,21.6256,80.2539,21.62292,80.2521,427.4188543,367.0,273,831,5.764516198,2.803431034,0.0,116.3840637,5380.0,5402.8,284,5.259061782
3082,20.1936,79.6656,20.19383,79.66456,244.9304481,240.0,186,461,2.325894175,1.555063725,0.0,57.40369797,1900.0,1898.6,193,2.184236819
3083,21.7189,78.8242,21.71876,78.82291,693.8264601,721.0,340,1166,6.413320471,4.118631363,0.0,65.44865417,2500.0,2520.0,346,7.816444976
3085,18.0758,77.0525,18.07711,77.05207,649.02842,641.0,544,844,1.716726557,1.52037394,0.0,29.16095161,9960.0,10218.9,547,2.494053014
3087,19.5614,79.6133,19.56035,79.61447,360.335766,339.0,106,946,3.296544637,1.779052377,0.0,108.7554245,47500.0,47707.8,158,3.43677301
3089,20.9122,79.9264,20.91041,79.92709,293.4224974,278.0,227,712,3.805274959,1.885791779,0.0,65.85194397,1800.0,1780.3,228,2.703522828
3091,17.5908,80.8192,17.58959,80.81876,187.1061914,160.0,55,791,6.230662443,2.458771706,0.0,89.53778076,1565.0,1653.4,58,4.61183084
3092,18.6125,82.1428,18.61456,82.14374,710.3047632,611.0,231,1655,9.884510772,5.293669701,0.0,108.2779541,3047.0,5097.7,238,8.515917806
3094,21.2167,79.2331,21.21878,79.23124,585.2297084,600.0,206,1204,5.204063309,3.205846071,0.0,65.44865417,11100.0,11201.1,267,6.256960156
3098,18.62,79.8044,18.61877,79.80625,354.4947294,329.0,121,664,2.422290984,1.555063725,0.0,99.94126892,12691.0,12927.6,124,3.417156576
3099,19.2697,81.8839,19.26875,81.88542,604.8618883,601.0,537,904,3.098410555,2.640108347,0.0,59.96284103,1523.0,1480.7,540,2.947363681
3103,18.9783,79.9469,18.97708,79.9479,372.7931302,331.0,91,1204,3.749158781,1.941541433,0.0,116.3840637,108780.0,107797.8,98,3.959094486
3105,19.0122,81.2325,19.01457,81.23125,536.6128328,526.0,318,1266,8.681332009,5.105587482,0.0,109.1317978,1700.0,1873.6,330,7.544662291
3107,20.4219,80.0917,20.41875,80.08958,300.4933913,277.0,207,653,5.146057985,2.64683485,0.0,77.15124512,2600.0,1764.7,213,4.166157484
3109,19.0439,77.4556,19.04374,77.45622,544.6849962,529.0,333,1528,3.482685332,1.622219443,0.0,156.9631348,53630.0,53687.5,341,4.087877415
3110,19.3958,76.7708,19.3979,76.76876,500.3778736,486.0,376,934,2.418474569,1.359863758,0.0,60.373909,5550.0,5576.9,378,2.617117657
4003,16.7808,74.6333,16.78543,74.63123,721.8716281,691.0,526,1440,8.977722346,3.35755682,0.0,132.2944336,12660.0,12279.8,536,12.57268861
4004,15.8833,77.9572,15.88544,77.95623,599.9275566,596.0,269,1903,4.075193371,1.941541433,0.0,136.8544464,67180.0,66892.7,270,4.980705774
4005,14.4339,75.7797,14.43542,75.78124,662.5685631,650.0,535,1128,3.601079747,2.108379364,0.0,91.44982147,2300.0,2507.6,542,3.990233605
4006,15.8717,75.7228,15.87294,75.72293,639.0204977,632.0,529,1024,2.527074037,1.52037394,0.0,61.07461929,9373.0,9938.7,530,3.642117193
4007,16.7392,79.6697,16.73946,79.66875,430.9974174,459.0,56,726,2.190881339,1.707657099,0.0,89.92459106,11501.0,11312.0,62,3.938601549
4012,16.79,79.3387,16.78956,79.33959,324.9817601,293.0,128,701,3.2062612,1.52037394,0.0,74.04056549,3100.0,3284.3,131,4.999298065
4013,14.8306,75.6744,14.83124,75.67292,691.9411655,653.0,508,1867,7.374620808,3.602800131,0.0,136.8544464,14582.0,14653.5,510,8.741570022
4015,13.9761,75.6853,13.97709,75.68541,839.8105815,786.0,560,1867,12.80958439,8.895261765,0.0,136.8544464,2990.0,3442.6,567,17.44560202
4016,14.2372,75.6625,14.2396,75.6604,753.4276854,697.0,540,1867,10.79385915,7.12869215,0.0,136.8544464,7075.0,7452.5,540,12.11844455
4017,16.4911,76.9231,16.48958,76.92286,632.694238,612.0,346,1440,4.632586666,2.039795637,0.0,132.2944336,55150.0,54165.8,348,7.296930311
4018,17.2544,77.4628,17.25626,77.46039,545.2601973,546.0,422,726,2.753996364,2.150133371,0.0,31.26663208,1920.0,1943.1,426,4.718289673
4019,16.2592,77.8411,16.26042,77.83958,585.997154,573.0,268,1472,4.098805025,1.968824387,0.0,200.589035,132920.0,129542.3,277,5.96355039
4021,17.2944,74.1903,17.29375,74.18959,784.6174637,738.0,547,1440,13.80073711,6.600271225,0.0,132.2944336,5462.0,5432.2,557,16.39768183
4022,16.7156,80.3164,16.71458,80.31875,186.1817385,178.0,26,791,2.878655918,1.52037394,0.0,92.43457794,9854.0,10544.6,30,2.625899806
4023,13.7542,76.3197,13.75209,76.31876,829.8044213,798.0,655,1903,4.966648605,2.530055046,0.0,123.7350998,4320.0,4297.0,658,5.684309184
4024,17.2864,75.6372,17.28541,75.63541,580.7369655,572.0,458,757,2.218017641,1.968824387,0.0,27.55579948,1640.0,1482.6,460,4.344190986
4025,14.5,75.6339,14.50209,75.63542,648.1100753,641.0,537,1025,4.962048301,2.878536224,0.0,66.0883255,1850.0,2061.5,541,4.980481586
4026,16.6836,74.6031,16.68544,74.60208,703.1136136,671.0,521,1440,8.767957947,3.415314198,0.0,132.2944336,15190.0,15264.6,535,12.12886241
4028,16.9181,80.3558,16.91875,80.35625,127.9996944,111.0,44,791,3.753917936,1.52037394,0.0,85.01596069,1850.0,1684.8,48,2.549640311
4030,17.2031,77.1572,17.20208,77.15625,537.2437648,541.0,395,726,3.018218662,2.03105998,0.0,43.6404953,7650.0,8380.0,397,4.376959902
4031,15.9483,77.4264,15.94791,77.42699,608.8300192,601.0,303,1903,4.166249637,2.004624128,0.0,136.8544464,60630.0,64701.4,311,5.061633956
4032,14.9389,75.6181,14.93957,75.61875,590.452224,587.0,512,833,3.066468631,2.278610945,0.0,57.69413376,4901.0,5183.1,512,3.89311664
4038,17.9722,75.1392,17.97291,75.13955,639.8949039,609.0,445,1472,6.620416335,2.480371714,0.0,200.589035,22856.0,22326.1,453,7.428622546
4039,15.55,75.3667,15.56878,75.36461,638.647105,634.0,567,843,1.583817293,1.320054173,0.0,54.04199982,2952.0,3079.1,584,2.717788965
4040,15.4917,76.7169,15.48958,76.71869,629.0072584,607.0,367,1867,5.155014213,2.38535881,0.0,136.8544464,33018.0,32960.8,376,6.282677441
4041,16.9489,80.0478,16.94791,80.04792,194.9196513,189.0,73,481,1.556267918,1.333456159,0.0,79.42295837,2928.0,2489.0,76,2.358957549
4044,18.6669,74.0022,18.66876,74.00206,690.6062547,659.0,542,1260,9.854872713,5.147209644,0.0,123.0189743,2205.0,2141.9,551,8.869423215
4047,16.5639,74.5275,16.56458,74.52709,639.2657409,605.0,530,1035,6.979096288,3.661545277,0.0,64.43670654,2322.0,2285.3,534,10.38215559
4048,16.855,74.4967,16.85628,74.49793,667.2037619,618.0,536,1108,9.167398158,5.229460716,0.0,84.7627182,1948.0,2010.2,540,16.12607204
4049,17.9114,75.0075,17.91041,75.01042,649.3388734,615.0,470,1410,6.341406928,2.301902294,0.0,111.1158676,7200.0,6807.1,473,7.783270743
4050,13.9269,75.585,13.92704,75.58537,705.5394251,673.0,561,1639,10.92748726,8.097932816,0.0,106.3568192,2831.0,2761.3,565,9.088944163
4051,17.3686,75.5942,17.36875,75.59377,542.8522793,533.0,442,706,2.212750725,1.923137784,0.0,18.7908535,630.0,611.4,446,4.088875204
4054,17.4131,75.8478,17.41459,75.8479,613.4573344,588.0,410,1472,5.280769212,2.207262754,0.0,200.589035,33916.0,33531.6,417,6.373734381
4055,16.4728,76.2842,16.47296,76.27706,599.3861534,599.0,500,750,1.544459194,1.436176181,0.0,18.7254467,2486.0,2434.4,507,2.564768733
4056,16.6753,74.5736,16.67708,74.57292,636.1580063,598.0,529,1026,9.233949423,5.62585783,0.0,68.50513458,2425.0,2444.2,531,11.82896392
4057,15.6611,76.9628,15.66043,76.96458,645.800752,646.0,352,1903,3.554655349,1.923137784,0.0,123.7350998,23500.0,23527.1,352,3.910926718
4060,16.5011,80.625,16.49796,80.61874,526.9343043,551.0,-3,1903,3.936147204,1.885791779,0.0,200.589035,251360.0,257260.0,23,5.335764229
4061,17.5342,75.885,17.53541,75.88541,576.2026526,557.0,423,964,2.831619868,1.885791779,0.0,51.12687302,12092.0,12094.5,427,3.404205079
4062,16.7942,80.0692,16.79375,80.06876,553.4198879,561.0,24,1903,4.016923911,1.923137784,0.0,200.589035,235544.0,240055.4,28,5.520081517
4063,17.2722,74.165,17.27292,74.1646,791.1768762,747.0,552,1440,18.10485913,14.1748333,0.0,132.2944336,1890.0,1908.8,560,21.14575805
4064,16.7375,77.1253,16.73957,77.12289,566.3953658,547.0,349,1472,3.86207183,1.968824387,0.0,200.589035,69863.0,69779.3,364,5.043147354
5001,12.6028,76.4008,12.60195,76.40207,943.4407681,939.0,758,1862,5.650184076,4.135864258,0.0,115.2019653,5236.0,5153.5,762,5.10230454
5002,12.1822,77.7239,12.18127,77.72709,820.7478801,819.0,257,2026,6.277455355,3.622487545,0.0,144.8038788,36682.0,37505.0,264,7.231407143
5004,11.0317,77.8875,11.03127,77.88959,371.3507421,351.0,134,1902,3.871374449,1.707657099,0.0,162.5165253,3386.0,3500.6,136,5.964705284
5005,12.1208,77.7856,12.12292,77.78541,737.2729117,786.0,259,1381,11.30062593,5.507674217,0.0,115.2704773,1636.0,1593.4,263,13.79010814
5007,12.3461,76.2878,12.34792,76.28959,866.8723716,856.0,768,1527,6.100496652,4.525900364,0.0,83.82424164,1330.0,1464.5,774,5.684392441
5008,11.0811,77.8903,11.08125,77.88958,767.1966852,795.0,121,2629,8.474204749,3.795082808,0.0,236.2264099,53233.0,52773.6,126,10.76586217
5010,12.5025,75.9619,12.50208,75.96041,979.014593,931.0,816,1706,12.43753668,9.859459877,0.0,89.54830933,1934.0,1742.8,824,12.48807786
5012,10.9433,78.435,10.94375,78.43125,676.948853,732.0,78,2629,8.035515704,3.110127449,0.0,309.4549255,66243.0,69632.0,82,10.81735331
5013,11.8083,76.0839,11.81041,76.08542,826.9458342,775.0,706,2026,13.78650876,10.80181789,0.0,122.1546249,1260.0,1235.1,718,12.57236045
5014,10.8808,77.9847,10.88125,77.98542,485.2628923,314.0,126,2534,8.465341484,1.885791779,0.0,309.4549255,9080.0,8725.0,137,16.89616577
5015,11.2878,76.8911,11.28959,76.89374,1174.650811,918.0,307,2618,26.30313029,23.10922241,0.0,194.9862213,1475.0,1498.9,307,50.32697656
5017,12.9436,75.7936,12.94377,75.79791,974.8107669,959.0,892,1419,10.15666596,8.833077431,0.0,72.15291595,617.0,615.6,897,6.746032428
5018,11.5217,77.51,11.51875,77.5104,905.0060969,752.0,181,2629,18.5293345,11.39305401,0.0,236.2264099,5776.0,5656.3,183,34.0245862
5021,12.5167,77.4333,12.51458,77.43542,830.9392874,858.0,615,1463,5.085305824,3.466985941,0.0,144.8038788,3500.0,3380.8,622,5.347437568
5022,11.5728,76.9192,11.57292,76.91875,1300.757176,1006.0,342,2598,20.15199618,14.31836319,0.0,200.6777496,1370.0,1360.1,346,39.94315926
5023,11.5272,77.7508,11.52708,77.75208,349.8833793,300.0,176,1635,6.451567817,2.294164658,0.0,134.2704926,1248.0,1207.5,175,7.117520878
5024,12.9825,76.0214,12.98127,76.03958,1029.110265,1011.0,912,1862,6.015880953,4.714479446,0.0,115.2019653,1010.0,975.3,932,5.401898868
5025,11.9383,78.0572,11.93959,78.05617,584.328943,491.0,331,1627,16.39734743,9.207609177,0.0,117.4895172,362.0,356.0,332,15.23138203
5027,12.4167,77.1925,12.41874,77.19376,786.1069655,799.0,584,1323,3.260854189,2.414991856,0.0,113.7457657,7890.0,8157.8,586,3.775569787
5028,12.23,76.8942,12.23125,76.89375,798.294974,772.0,622,2026,7.026147657,4.402425289,0.0,122.1546249,7000.0,7095.3,640,7.784281594
5029,11.4778,77.7,11.47708,77.70209,776.3270284,804.0,162,2026,7.458008477,3.776294947,0.0,144.8038788,44100.0,44895.8,162,8.075921966
6001,22.7914,86.1736,22.79374,86.17292,313.1047824,281.0,115,956,7.090540275,3.040747881,0.0,90.76850891,6309.0,6350.2,132,7.351005952
6006,22.5806,86.4683,22.58125,86.46876,341.5416948,286.0,60,1043,6.940591765,3.244438887,0.0,108.0313492,14176.0,14291.2,69,7.682009262
6007,21.5478,86.9181,21.54795,86.91871,229.4041024,100.0,-2,1166,8.644330576,2.878536224,0.0,121.5434875,4495.0,4450.4,12,13.37395053
6008,22.8156,86.2161,22.81459,86.21877,357.9573141,300.0,115,1043,6.807771658,3.211387634,0.0,94.88362885,12649.0,12785.0,120,7.852359511
7001,20.9297,85.5189,20.93127,85.51875,208.2682706,147.0,47,989,10.83188845,4.917543411,0.0,116.6785583,830.0,937.2,52,8.412036144
7002,21.2111,86.1206,21.21038,86.12295,473.9472768,426.0,32,1181,7.20192789,3.661545277,0.0,123.3568726,8570.0,8655.2,32,9.417191881
7005,22.0658,85.6733,22.06882,85.67283,590.9151799,573.0,375,1116,10.35021428,7.101201534,0.0,96.0451355,1710.0,1828.7,380,9.848994858
7007,21.8378,84.9425,21.83544,84.94374,503.3641351,507.0,133,1110,7.659350963,4.237790108,0.0,107.4656448,21950.0,21758.0,147,8.17484939
7008,22.3217,85.1047,22.32291,85.10622,544.541241,566.0,200,1086,7.125890891,3.869321108,0.0,97.11260223,9160.0,10541.1,200,7.422285526
7009,20.8897,86.0142,20.88544,86.01461,384.9126669,360.0,9,1174,7.985951366,3.869321108,0.0,167.9461365,33955.0,36130.8,23,7.863350582
7011,22.2772,84.8519,22.27709,84.85209,515.0150161,540.0,176,1086,7.050900336,3.883082867,0.0,97.11260223,19448.0,12363.2,181,7.401367762
7015,22.6233,84.4175,22.62292,84.41875,732.6605717,746.0,376,1110,9.142374656,5.472046375,0.0,84.95570374,3160.0,3223.2,380,8.557204316
8001,21.8317,81.6058,21.8354,81.60621,430.996363,366.0,251,971,5.904887197,2.074370861,0.0,92.06546783,2210.0,2229.2,259,7.000104175
8003,21.8986,82.7117,21.89788,82.71459,485.2424658,478.0,199,1116,6.57562764,3.818437338,0.0,138.608902,9730.0,9859.5,228,7.014097195
8005,20.9125,81.8861,20.91036,81.8854,470.5572022,440.0,278,929,5.546611703,3.255381346,0.0,103.8763199,3225.0,3238.2,291,6.05922701
8006,21.7267,82.7881,21.72293,82.78959,379.9291056,333.0,199,1139,4.092633213,1.923137784,0.0,138.608902,57780.0,59091.2,210,4.324717682
8009,22.0567,82.2194,22.05624,82.21874,456.0500721,378.0,234,1139,6.543468399,3.138582945,0.0,106.1707458,3035.0,2964.9,255,6.935508597
8011,21.7158,82.3472,21.71457,82.34776,352.6636621,314.0,216,1139,3.401795323,1.52037394,0.0,106.1707458,29645.0,29822.5,217,3.694579047
8013,20.65,83.7222,20.65205,83.72288,388.1384166,299.0,119,1321,9.372519122,3.211387634,0.0,180.815567,19600.0,20374.3,120,8.257787854
8016,20.2039,83.2231,20.2021,83.22291,372.3421657,296.0,166,1096,7.953628601,2.700042963,0.0,180.815567,11960.0,11956.0,167,7.809003928
8020,21.2361,81.2472,21.23541,81.24788,350.4945645,341.0,271,759,2.734976933,1.686703444,0.0,75.24497986,6990.0,7097.7,280,2.638273997
8021,21.9864,83.2042,21.98544,83.20623,461.9137609,392.0,211,1147,7.648566812,3.602800131,0.0,121.7013779,4625.0,4780.7,219,7.858927267
8023,23.2036,82.2172,23.20624,82.21876,668.1544332,684.0,419,1046,5.76987321,4.237790108,0.0,87.34147644,1100.0,1026.0,425,7.750810007
8028,21.3411,81.5939,21.33957,81.59373,309.0935805,306.0,258,448,1.208421165,1.01552999,0.0,13.90891266,2511.0,2483.6,258,1.488961645
8029,20.9736,81.8783,20.97292,81.87708,445.8448123,420.0,269,929,4.941582497,2.564954042,0.0,103.8763199,8760.0,8511.2,280,5.179658104
8030,21.6517,82.5172,21.65209,82.51875,346.942471,320.0,220,863,4.38343879,2.530055046,0.0,97.96865082,2920.0,3450.8,225,3.717777835
8031,20.9833,83.5394,20.98123,83.53958,257.3732106,250.0,126,1005,4.822895577,2.207262754,0.0,143.5631409,4650.0,4672.4,134,3.552890359
8034,21.7167,82.5967,21.71458,82.598,361.4380346,322.0,204,1139,3.636170903,1.707657099,0.0,116.2132874,48050.0,48030.5,213,3.806854348
8035,21.6256,81.6931,21.62293,81.69374,339.423031,317.0,240,882,2.730605285,1.372877121,0.0,81.06031799,30761.0,16902.7,249,2.957618149
8036,22.1153,84.0111,22.11448,84.01041,517.7097306,480.0,215,1138,6.327791508,3.813777685,0.0,113.2664032,5870.0,5937.2,225,7.587464679
8038,20.5894,84.7833,20.58956,84.78541,358.4428147,310.0,41,1321,5.832801794,2.362890244,0.0,180.815567,124450.0,126895.9,55,5.499013291
9001,14.7172,78.6686,14.71878,78.66878,289.3874684,247.0,135,912,4.68649953,1.333456159,0.0,108.5986862,8758.0,8394.9,136,4.451493495
9002,14.5722,78.8,14.57293,78.79789,458.9351632,432.0,118,1441,5.176799953,2.150133371,0.0,117.0291443,37981.0,37720.9,120,4.846242404
9005,14.5806,78.6778,14.58124,78.67705,540.8020885,567.0,133,1358,6.763941368,3.222442389,0.0,116.0229416,7187.0,7157.2,139,6.258822107
9008,14.7211,79.0189,14.71875,79.01875,312.3976994,264.0,114,875,10.85645211,3.040747881,0.0,113.0923309,2486.0,2460.6,117,7.710087245
9009,14.4703,79.9889,14.46877,79.98956,419.5757946,395.0,2,1441,6.343710027,2.294164658,0.0,185.4616547,50800.0,54544.3,11,5.335701633
9011,14.5978,78.0133,14.59792,78.01456,553.3518925,540.0,257,1220,6.309262964,2.872352362,0.0,81.7096405,6262.0,5959.8,262,5.700759813
9012,14.9222,78.0028,14.9146,78.00624,548.8594773,544.0,225,1441,4.163808856,2.039795637,0.0,117.0291443,12482.0,12472.6,238,4.249233595
10004,23.0542,74.3197,23.05625,74.31874,364.0338056,357.0,216,567,4.107836219,3.138582945,0.0,47.24124908,3121.0,3608.2,218,4.487977777
10005,24.0867,74.4756,24.08543,74.47293,436.671917,459.0,216,588,4.509529983,2.68021369,0.0,85.16098785,1510.0,1272.2,217,6.366061754
10008,22.5347,73.1408,22.53544,73.14376,306.2759274,301.0,2,1005,4.750513786,2.803431034,0.0,114.0417633,32510.0,33305.6,12,4.61673148
10010,23.3497,74.7181,23.34788,74.72291,456.8879124,459.0,286,602,2.739625003,2.03105998,0.0,48.37671661,3880.0,3768.8,294,4.258782975
10011,23.7675,74.1367,23.76459,74.13541,390.3901901,400.0,128,1005,5.667079925,3.211387634,0.0,99.45008087,16247.0,16472.3,134,5.507219923
10013,22.1103,73.0789,22.1104,73.07707,58.04293846,44.0,13,809,1.622677966,0.942895889,0.0,118.6946716,2400.0,2565.5,21,1.215700821
10014,23.8728,74.2236,23.87292,74.22287,386.9892031,385.0,148,1005,6.891892308,3.883082867,0.0,99.45008087,8329.0,8586.2,154,5.975791045
11001,23.5764,72.8067,23.577,72.80624,426.9952625,393.0,88,1173,11.28491814,6.037479401,0.0,131.2857819,6724.0,6396.1,89,6.493777506
11005,24.3556,73.1681,24.35624,73.16876,624.2221473,616.0,284,1173,16.5878816,11.81294632,0.0,131.2857819,1421.0,1885.1,288,9.165259915
11006,24.2311,73.0083,24.23125,73.01041,571.3328527,566.0,206,1173,14.76824092,10.57557678,0.0,131.2857819,3650.0,3433.4,211,7.914570366
11007,22.9772,72.8844,22.97708,72.88542,163.885356,154.0,35,380,2.579361503,1.738614082,0.0,39.06821823,2916.0,3025.2,40,2.839690224
11010,22.6497,72.5356,22.64791,72.5354,231.7910185,164.0,4,1173,5.596199564,1.779052377,0.0,131.2857819,19636.0,18325.1,11,3.483004879
12001,22.4842,80.3781,22.48542,80.37708,586.4026086,581.0,442,905,4.650595077,3.222442389,0.0,60.95046997,1864.0,2579.1,444,4.235761513
12004,23.0308,79.0156,23.03126,79.01458,569.9489272,556.0,309,1139,6.052295361,3.441246986,0.0,91.25751495,26453.0,26297.6,320,5.801452987
12006,22.9278,79.3397,22.92708,79.33958,559.4917926,583.0,346,895,5.64418675,3.415314198,0.0,59.4763298,1508.0,1489.5,342,6.912420267
12009,22.05,73.4661,22.04789,73.46456,193.4952806,177.0,16,807,5.003922036,2.270793915,0.0,78.78954315,3846.0,3957.8,18,3.97029497
12012,22.4058,77.3081,22.40627,77.3104,506.3907967,512.0,289,827,8.302373105,5.848995209,0.0,62.37525177,1729.0,1764.8,292,7.707312556
12015,22.2056,74.8519,22.20625,74.85208,334.2696608,317.0,150,573,5.050617642,3.399659395,0.0,54.72631454,787.0,787.1,152,6.488080215
12016,22.9478,81.0761,22.94792,81.07708,834.2984277,805.0,656,1139,8.232341721,4.714479446,0.0,63.25278473,2292.0,2326.9,656,7.165767963
12018,22.9228,78.7908,22.92291,78.79373,631.5899492,634.0,322,1093,9.058485628,6.16570282,0.0,80.16034698,2270.0,2231.9,329,10.77950892
12020,21.8864,73.6544,21.88542,73.65626,439.4832859,397.0,9,1317,5.884934862,2.719727516,0.0,161.1884308,87892.0,87738.7,17,6.155111609
12025,22.4917,76.9936,22.49374,76.99368,508.4395334,470.0,259,1317,5.935102791,2.872352362,0.0,161.1884308,54027.0,52733.6,260,5.94643772
12026,22.7561,77.7328,22.76042,77.73129,527.2687412,491.0,281,1317,6.1673383,3.06984663,0.0,161.1884308,44548.0,45142.3,287,6.207107696
12029,22.1014,75.6842,22.1021,75.68123,372.2109883,325.0,153,980,4.974433261,2.458771706,0.0,85.42969513,3919.0,3934.0,155,7.601772093
12035,22.1683,75.6608,22.16875,75.66041,461.1159435,416.0,131,1317,5.40015535,2.537073374,0.0,161.1884308,72809.0,72672.6,141,5.756073803
12036,22.7358,80.5131,22.73541,80.51457,765.9497297,761.0,442,1139,8.353376676,5.393496513,0.0,66.64533234,4667.0,4943.3,448,7.546842638
12038,22.7658,80.6233,22.76457,80.62293,694.2966547,678.0,450,1009,8.371609979,5.597340107,0.0,70.115448,3919.0,3997.6,452,8.18004853
12043,23.3111,79.6619,23.31043,79.6604,430.1179203,409.0,345,749,3.858815518,1.789019108,0.0,91.25751495,3950.0,4087.6,353,3.435653362
12044,21.9433,74.7447,21.94375,74.74378,452.0392242,438.0,192,994,7.550955348,4.77444315,0.0,79.62419128,2151.0,1668.2,194,9.135939804
12046,22.9158,78.3475,22.91875,78.34791,551.2474729,532.0,292,1208,6.003507014,3.244438887,0.0,96.17334747,33953.0,32917.6,302,5.980384278
13004,21.2994,76.235,21.29791,76.23125,511.2784491,491.0,214,1163,8.215898591,5.095128536,0.0,102.0978165,8487.0,9069.7,221,8.544531845
13006,21.5131,76.7572,21.5146,76.75626,559.3646835,548.0,270,1163,8.612230327,5.651085854,0.0,102.0978165,6660.0,6806.2,285,9.168334696
13007,21.2972,73.0253,21.29792,73.02292,379.2178545,333.0,1,1556,5.176563504,1.968824387,0.0,164.6210938,63325.0,63924.9,7,6.053331111
13008,21.2947,74.8092,21.29374,74.81041,410.2085489,355.0,117,1556,5.148235148,1.941541433,0.0,164.6210938,54750.0,52339.3,123,5.884861645
13010,20.8742,76.9914,20.87291,76.99375,398.1531254,341.0,240,1162,3.661984442,1.359863758,0.0,121.0914764,9500.0,8181.6,249,4.679410367
13012,20.8475,77.3606,20.84791,77.36053,408.7186131,343.0,264,1136,3.440426187,1.333456159,0.0,99.01861572,3560.0,3613.7,264,4.233577126
13013,20.9094,74.7133,20.91042,74.71454,509.1781164,507.0,265,1201,6.223757045,2.700042963,0.0,114.3556595,1933.0,1921.8,267,7.031919359
13016,21.4283,74.5272,21.4271,74.52706,402.7606491,349.0,100,1556,5.042249276,1.941541433,0.0,164.6210938,58400.0,55841.7,107,5.898194079
13017,21.1481,75.2408,21.14792,75.23943,418.4960819,359.0,130,1556,5.276920547,1.968824387,0.0,164.6210938,48136.0,44607.0,142,5.961166499
13025,20.9358,76.4756,20.93543,76.47709,384.4972704,335.0,215,1162,3.8602269,1.436176181,0.0,121.0914764,16517.0,15995.9,223,4.748584171
14001,19.1622,73.2544,19.16042,73.25624,220.3222799,114.0,4,1096,14.38822241,6.279997826,0.0,199.2953644,785.0,973.1,9,19.87085537
14003,19.7125,72.9306,19.71457,72.93125,236.6053879,164.0,-13,1226,10.74938428,6.016828537,0.0,146.7279358,2019.0,2039.6,1,13.11557345
14004,20.8569,72.9836,20.85625,72.98123,295.4921763,271.0,1,1116,11.91402325,7.64152956,0.0,104.7578964,1510.0,1526.1,5,9.797511354
14005,15.4711,74.1,15.47291,74.0979,387.6009154,289.0,4,1020,17.25287672,13.20188904,0.0,154.5385284,880.0,878.9,4,31.42030988
14008,21.0156,73.1394,21.01459,73.13957,308.2101891,295.0,9,1440,9.688818712,5.855072021,0.0,128.8448486,1995.0,1749.5,13,9.24112021
14009,18.2317,73.2833,18.23122,73.28122,187.8867631,92.0,5,1053,14.29251479,5.990172386,0.0,188.3014832,259.0,292.3,7,24.49157594
14011,18.5192,73.1564,18.51875,73.15627,191.3351397,118.0,6,1008,16.1894419,11.21372414,0.0,189.020874,420.0,447.6,9,24.93098787
14012,20.2033,73.2811,20.20206,73.28123,430.3264143,421.0,96,903,15.43037401,11.69799042,0.0,78.98969269,764.0,763.1,99,20.6392592
14014,20.1111,73.2647,20.11042,73.26452,399.2818217,388.0,80,1218,16.29858886,13.2059288,0.0,146.7279358,640.0,677.5,98,24.73087087
14015,18.7367,73.1108,18.7354,73.11033,180.5682728,177.0,10,560,14.75360609,13.09233952,0.0,65.25084686,125.0,125.7,14,32.72217709
15001,12.9289,74.9539,12.93124,74.95211,186.5246485,104.0,2,1880,10.24535598,6.037479401,0.0,138.7061005,688.0,718.7,8,19.93988699
15003,10.6303,76.9461,10.63128,76.94792,670.3725341,384.0,223,2504,17.42716162,4.561121941,0.0,225.5987854,950.0,950.0,228,37.07785677
15005,10.2814,76.3153,10.28124,76.31458,699.1831903,699.0,-5,2315,21.29511151,17.73546791,0.0,201.0261993,1342.0,1341.5,1,26.83593886
15006,13.5214,74.88,13.51876,74.88124,317.8739792,163.0,17,1149,16.80584481,9.194081306,0.0,192.7683258,253.0,299.6,18,41.825305
15007,8.715,76.85,8.71458,76.84792,193.109308,114.0,11,1592,13.59750443,9.459083557,0.0,123.5469971,540.0,555.8,20,12.02645961
15008,12.8808,75.0411,12.88125,75.04375,360.950961,163.0,5,1713,16.17258581,10.32374096,0.0,212.0102997,3184.0,3295.4,9,25.3623541
15009,12.4792,75.1472,12.48125,75.14787,299.4820565,192.0,15,1459,18.83912565,15.51629639,0.0,110.4863129,957.0,912.0,22,21.97568917
15010,13.5817,74.8578,13.58126,74.85625,346.8098047,261.0,7,958,12.51969815,8.475580215,0.0,135.6880493,583.0,566.4,12,15.24628739
15011,9.9906,76.6322,9.98959,76.63124,243.4098557,74.0,14,1170,16.68468226,9.364622116,0.0,146.4047394,405.0,386.0,20,18.48594676
15012,9.4036,76.6503,9.40209,76.65205,195.739668,106.0,4,1395,16.59830917,11.35396957,0.0,146.9922333,731.0,732.6,14,17.79131475
15013,11.0569,76.0394,11.05623,76.03958,117.5202999,67.0,9,1316,12.05655365,7.414783478,0.0,181.6793671,750.0,793.8,30,5.78783182
15014,9.6756,76.6056,9.67708,76.60626,183.4731835,85.0,4,1182,17.57656285,11.22956944,0.0,147.8312836,615.0,618.5,15,14.78241399
15016,10.85,76.02,10.85208,76.02291,289.7702171,148.0,-14,2504,11.35261467,4.561121941,0.0,314.5357056,5755.0,5866.6,-1,14.93161714
15017,11.2394,76.0233,11.23958,76.02291,592.0949909,391.0,1,2573,23.06915099,16.20135498,0.0,385.3076477,1876.0,2038.3,8,43.14842597
15018,8.3053,77.1856,8.30211,77.18543,377.9938847,137.0,3,1814,20.74745204,12.6474638,0.0,187.8454895,841.0,738.7,19,20.45796864
15019,9.3325,76.6631,9.33125,76.66445,545.7645844,418.0,-5,1916,25.43830007,22.45913887,0.0,198.2795868,1713.0,1649.9,15,27.64684646
15020,10.7611,76.4861,10.76041,76.48541,409.500358,305.0,34,2504,10.66386458,3.341631413,0.0,314.5357056,2775.0,2805.2,44,17.85669607
15021,10.1833,76.5,10.18124,76.50207,930.3305561,936.0,-2,2674,24.41456426,20.81302452,0.0,315.9709778,4234.0,4150.4,19,32.86010143
15022,9.0728,76.7611,9.07292,76.76041,286.1688706,161.0,6,1756,19.79939348,14.37661171,0.0,133.4642334,1210.0,1220.6,16,16.60288489
15023,11.9814,75.5875,11.98125,75.58957,488.1095486,429.0,9,1584,19.94248391,14.22367096,0.0,142.3772736,1070.0,1068.8,16,39.43025856
15024,10.8992,76.1972,10.89795,76.19802,308.1769581,90.0,9,2355,17.29935432,8.608798981,0.0,258.1731567,940.0,923.1,20,20.21637047
15026,9.845,76.4667,9.84792,76.46873,149.613183,57.0,-3,1170,13.28377773,7.697172642,0.0,151.4674683,1208.0,1482.2,11,11.18384028
15030,9.2325,76.7147,9.21466,76.7146,310.9129708,178.0,10,1881,22.97927589,19.60135078,0.0,144.3468628,810.0,838.7,30,17.16184426
15031,9.5733,77.0908,9.57291,77.08958,1131.998969,1091.0,800,1972,24.33333,22.27231026,0.0,123.0468674,712.0,711.5,800,17.51475667
15032,13.2942,74.9806,13.29791,74.98123,220.561655,102.0,21,1217,12.58078985,6.245929241,0.0,133.7410583,327.0,356.9,26,29.17779226
16001,17.7,82.9953,17.69795,82.99377,377.043807,146.0,21,1631,17.33899552,9.541435242,0.0,131.6121826,2090.0,2117.9,29,21.13758673
16004,19.0833,83.8056,19.08122,83.80617,495.5274419,477.0,79,1507,20.18238722,16.44427681,0.0,162.2540588,6740.0,6998.7,82,14.82381498
16007,18.8483,83.8731,18.8479,83.87293,468.2018139,443.0,50,1507,19.53706214,15.23878384,0.0,162.2540588,7820.0,7987.0,59,14.41280606
16012,19.5167,84.8833,19.51459,84.88541,260.2843535,154.0,8,1308,13.08224723,4.402425289,0.0,126.9608536,7112.0,7055.4,13,11.85241808
16014,18.3133,83.8842,18.31459,83.88541,410.0957798,337.0,-1,1614,16.47905634,8.029576302,0.0,160.7160492,9500.0,9118.9,13,15.56368566
17001,9.9256,77.5117,9.92708,77.51042,677.2088856,568.0,301,1958,23.19914311,18.85508919,0.0,145.6485748,850.0,716.0,307,14.80153763
17003,12.6842,78.5394,12.68125,78.53958,800.3207691,823.0,367,1328,3.591742796,2.270793915,0.0,100.8205719,3300.0,3206.6,371,5.308713467
17005,12.65,79.9472,12.65208,79.9479,470.1823048,429.0,23,1356,6.372543983,2.301902294,0.0,146.3772888,16230.0,16403.0,25,6.711468804
17006,12.555,78.1386,12.55626,78.13959,847.4609233,882.0,492,1472,3.675224311,2.564954042,0.0,114.0211792,4620.0,5138.0,498,4.298163758
17007,9.3239,77.9903,9.3271,77.98961,214.5326674,133.0,47,1987,7.372350693,1.147082329,0.0,221.4508209,3721.0,3901.7,49,5.338756644
17009,11.4222,79.4722,11.42292,79.47292,262.8652035,151.0,10,1410,7.784869271,1.52037394,0.0,153.1389465,7890.0,7215.9,19,7.564361604
17011,8.7144,77.835,8.71458,77.83541,235.118784,119.0,13,1847,8.136078601,1.359863758,0.0,178.4207153,4380.0,4734.6,21,12.46449688
17012,13.9472,79.8972,13.94792,79.89793,272.3501563,191.0,20,1144,11.742756,2.803431034,0.0,162.5339203,2650.0,2427.3,22,8.396174627
17015,9.5531,78.5861,9.55209,78.58958,477.1380462,334.0,37,2650,14.35882416,2.828687668,0.0,359.2239685,6796.0,5820.4,41,15.40123749
17019,10.0011,77.485,10.00207,77.48549,693.1156624,462.0,285,2650,19.86151914,4.906683922,0.0,337.8467407,1200.0,1364.1,290,25.72080308
17022,12.0658,78.9781,12.06457,78.97721,638.2511582,640.0,133,1632,6.186060156,2.480371714,0.0,114.909111,10780.0,11656.4,133,6.073428865
17024,11.8706,79.4594,11.87291,79.46048,573.0516643,526.0,41,1632,5.739579971,2.294164658,0.0,124.1236343,12900.0,13454.6,45,5.63563857
