gauge_id,num_dams,res_store_sum,n_dams,first_dam_year,last_dam_year,total_storage,reservoir_index,irrigation_frac,hydroelec_frac,drinking_frac,flood_frac,overflow_frac,navigation_frac,tailing_frac,pop_density_2000,pop_density_2005,pop_density_2010,pop_density_2015,pop_density_2020,urban_frac_1985,urban_frac_1995,urban_frac_2005,crops_frac_1985,crops_frac_1995,crops_frac_2005
3002,0,0.0,1,1982.0,1982.0,860000.0,0.000687915,1.0,0.0,0.0,0.0,0.0,0.0,0.0,117.1116196,132.9381333,151.3520174,161.9083857,171.5353851,0.002045901,0.00236185,0.002698517,0.467925975,0.498614485,0.510138862
3005,109,57631.899,177,1903.0,2013.0,10731908100.0,0.507788022,0.928961749,0.016393443,0.005464481,0.027322404,0.005464481,0.0,0.0,210.474674,222.4414516,234.0552992,249.9443627,265.1050572,0.00651266,0.006843618,0.006950115,0.4922805,0.4800817,0.487042115
3008,211,151909.551,315,1800.0,2016.0,6605221178.0,0.688826382,0.946031746,0.006349206,0.0,0.003174603,0.0,0.0,0.003174603,202.0284066,214.6487951,229.1077083,240.6401601,254.3816375,0.004876843,0.010087903,0.010749224,0.744807418,0.738861557,0.768538932
3009,18,5140.52,29,1967.0,2015.0,264259000.0,1.430794086,0.966666667,0.0,0.0,0.0,0.0,0.0,0.0,238.2951314,258.7800073,279.3332748,303.7983631,328.1593731,0.001929539,0.003011963,0.003572,0.783402201,0.783124535,0.82551321
3013,1,0.0,4,1986.0,2001.0,130165000.0,0.122752517,1.0,0.0,0.0,0.0,0.0,0.0,0.0,109.5540525,112.3402763,118.9853488,123.5707934,129.2423627,0.003333857,0.004204242,0.004223095,0.378931658,0.397388845,0.43743912
3014,18,0.0,29,1970.0,2015.0,827734800.0,,0.8125,0.0,0.0,0.03125,0.0,0.0,0.03125,169.6346023,178.6250858,189.7035222,198.485589,209.0519786,0.003627298,0.003627298,0.003609262,0.668132282,0.626318152,0.727966669
3017,1,0.0,1,1981.0,1981.0,1249000.0,0.000798313,1.0,0.0,0.0,0.0,0.0,0.0,0.0,73.14753724,68.98930528,68.52158714,76.65371349,85.45797956,0.0,0.0,0.0,0.445131466,0.516540532,0.578391979
3018,10,0.0,16,1966.0,2013.0,9386405000.0,1.144136011,0.727272727,0.181818182,0.0,0.045454545,0.0,0.0,0.0,125.4610188,136.5062879,148.9530958,161.4473264,174.5188517,0.004521385,0.005448122,0.00588286,0.454130427,0.475663295,0.503927373
3019,15,0.0,33,1966.0,2015.0,869887000.0,3.849084142,0.916666667,0.0,0.0,0.027777778,0.0,0.0,0.0,234.4791334,254.2439991,267.7656516,294.7533284,313.5595531,0.003375506,0.004645857,0.004697708,0.830457327,0.828315877,0.834118013
3020,130,0.0,235,1904.0,2015.0,6362319473.0,5.780322899,0.923766816,0.044843049,0.0,0.0,0.004484305,0.0,0.0,284.2067187,310.4125429,340.1264952,372.3196828,408.535,0.004608332,0.008369218,0.009772509,0.781628211,0.822093537,0.84581721
3024,3,0.0,4,1928.0,1999.0,25040000.0,0.300530681,1.0,0.0,0.0,0.0,0.0,0.0,0.0,211.4197338,222.0000517,232.6773113,243.762114,253.3969448,0.002527533,0.002527533,0.002506529,0.479139098,0.486658685,0.513467342
3028,86,0.0,120,1800.0,2016.0,2241450478.0,0.609092255,0.94214876,0.0,0.0,0.008264463,0.0,0.0,0.008264463,201.8631925,212.8372046,225.369336,233.6812987,243.5831491,0.00646262,0.011374011,0.012019271,0.768450179,0.75215124,0.78924989
3029,137,0.0,259,1904.0,2015.0,6453951473.0,4.887640704,0.931174089,0.04048583,0.0,0.0,0.004048583,0.0,0.0,282.5074078,308.7243963,338.2165803,369.9529764,405.4706812,0.004589848,0.008158382,0.009450035,0.784557845,0.82321662,0.846759481
3030,43,0.0,67,1800.0,2016.0,1544280088.0,1.048609061,0.898550725,0.0,0.0,0.014492754,0.0,0.0,0.014492754,180.6864545,190.0114453,198.2191109,210.542092,221.2261006,0.004701385,0.005151539,0.0052796,0.762802204,0.741090069,0.796053397
3031,7,0.0,11,1966.0,2004.0,9310695000.0,2.55172471,0.647058824,0.235294118,0.0,0.058823529,0.0,0.0,0.0,175.1533514,193.0740808,211.1250393,229.0091958,246.5426846,0.008080076,0.009568009,0.010237034,0.561042044,0.586060302,0.605263086
3038,22,0.0,42,1800.0,2003.0,215991000.0,0.428956028,0.95,0.025,0.0,0.0,0.0,0.0,0.0,247.0582145,264.0162757,289.5941228,312.8120036,336.884281,0.006495564,0.006495564,0.006464444,0.935618663,0.934328603,0.943786212
3040,6,0.0,7,1976.0,2001.0,2328444000.0,2.324730531,1.0,0.0,0.0,0.0,0.0,0.0,0.0,160.369282,175.6438869,188.5570648,202.8207958,219.7997772,0.001255308,0.001255308,0.001245501,0.670193952,0.636689648,0.541554294
3043,714,0.0,1273,1781.0,2016.0,53637530255.0,0.666294955,0.934504792,0.023961661,0.000798722,0.007188498,0.002396166,0.0,0.000798722,195.0235211,208.6969785,223.5061518,239.3832197,256.4679198,0.005011786,0.007263582,0.007798056,0.581058327,0.585591442,0.608963393
3045,8,0.0,13,1781.0,2000.0,6478365000.0,0.440403083,0.65,0.25,0.0,0.0,0.0,0.0,0.0,95.1988825,102.6840193,110.5158602,118.9770089,129.6596602,0.006416466,0.006993072,0.006435654,0.399812455,0.400079111,0.399447403
3047,0,0.0,1,1966.0,1966.0,29820000.0,,1.0,0.0,0.0,0.0,0.0,0.0,0.0,177.1438464,194.0604629,210.9628425,229.4222144,250.5423137,0.008569569,0.010922468,0.012821508,0.702483682,0.727863938,0.753238222
3048,9,0.0,21,1910.0,2002.0,2557026000.0,0.804268499,0.875,0.0,0.0,0.125,0.0,0.0,0.0,137.5692441,149.5004961,163.8468582,174.5393181,188.4434726,0.000520825,0.000520825,0.000524384,0.50525037,0.425225978,0.374978793
3055,350,0.0,685,1904.0,2016.0,18451821187.0,3.299824431,0.941448382,0.024653313,0.0,0.003081664,0.003081664,0.0,0.0,263.4801236,285.4695457,309.4949362,335.7767207,364.2452316,0.005060637,0.007487469,0.008407433,0.780369805,0.794331439,0.823671861
3056,13,0.0,19,1970.0,2013.0,178508000.0,0.545321669,0.95,0.0,0.0,0.0,0.0,0.0,0.0,196.1693127,212.9765589,228.2852367,244.7155115,262.4183615,0.003352766,0.003352766,0.003384697,0.826518324,0.824584211,0.836558375
3057,12,0.0,18,1966.0,2013.0,9388576000.0,,0.75,0.166666667,0.0,0.041666667,0.0,0.0,0.0,107.5497882,116.622201,126.779213,137.1785581,147.8130835,0.003863155,0.004556884,0.004883148,0.425600864,0.44183627,0.46327235
3064,30,0.0,33,1870.0,2009.0,572800000.0,0.651846296,1.0,0.0,0.0,0.0,0.0,0.0,0.0,259.4818054,277.4069605,304.2184633,304.6986659,317.1076508,0.011692937,0.013148833,0.013100884,0.67002162,0.662310603,0.683643401
3068,7,0.0,9,1981.0,2004.0,9280365000.0,4.406366982,0.6,0.266666667,0.0,0.066666667,0.0,0.0,0.0,129.3517451,141.5059892,151.6409927,163.8179565,178.1185497,0.004787459,0.006693704,0.00719894,0.45119823,0.487698169,0.482367239
3069,24,0.0,31,1926.0,2010.0,668451180.0,1.378559773,0.882352941,0.088235294,0.0,0.0,0.0,0.0,0.0,234.6201519,249.3272238,265.9022575,284.0077196,297.3760676,0.001831291,0.003683835,0.003864484,0.657171346,0.711894005,0.713493285
3071,15,0.0,25,1966.0,2013.0,9473439000.0,0.20312634,0.806451613,0.129032258,0.0,0.032258065,0.0,0.0,0.0,83.96544955,90.95862081,98.8287318,106.5153199,114.7572736,0.002456347,0.002884263,0.003084231,0.333191465,0.343722261,0.357951824
3072,88,0.0,147,1903.0,2013.0,8873871100.0,0.792831159,0.922077922,0.012987013,0.006493506,0.032467532,0.006493506,0.0,0.0,241.1447479,255.7261003,270.0561482,290.1192281,309.2551382,0.008550251,0.009023489,0.00918105,0.537717084,0.519995787,0.517768259
3073,702,0.0,1246,1800.0,2016.0,46647080665.0,0.735450851,0.939294504,0.020508614,0.000820345,0.007383101,0.002461034,0.0,0.000820345,210.0474983,224.8625571,240.8843648,258.1330272,276.5416346,0.005068248,0.007435712,0.008057186,0.620170218,0.624909289,0.649274569
3074,106,0.0,163,1800.0,2013.0,3930170200.0,0.972673191,0.950310559,0.00621118,0.0,0.0,0.0,0.0,0.0,199.0794392,214.5412231,232.3515214,248.5096569,266.4827532,0.003254807,0.003254807,0.003256837,0.761827339,0.759579006,0.785137056
3075,714,0.0,1276,1781.0,2016.0,53752544621.0,0.66786198,0.93460925,0.023923445,0.000797448,0.007177033,0.002392344,0.0,0.000797448,193.9670972,207.5590745,222.2733758,238.0538365,255.0363527,0.004978548,0.007215293,0.007746162,0.577688124,0.582256949,0.60570202
3076,1,0.0,2,1977.0,1985.0,3686000000.0,1.433980886,0.5,0.25,0.0,0.0,0.0,0.0,0.0,127.5983954,144.5303387,159.2493789,173.8998812,185.9598119,0.026426917,0.026426917,0.019096513,0.644641398,0.644641398,0.621679608
3079,80,0.0,135,1935.0,2015.0,3269361590.0,5.14144087,0.964285714,0.017857143,0.0,0.0,0.0,0.0,0.0,219.664336,245.0104949,267.6658068,301.6897832,333.9417095,0.002342792,0.003429489,0.003721619,0.876956455,0.878250264,0.902567994
3081,10,0.0,22,1917.0,2009.0,1391141000.0,0.482186524,0.952380952,0.0,0.0,0.047619048,0.0,0.0,0.0,206.9526533,217.3959038,227.4023752,243.1754937,258.9495648,0.002754117,0.002754117,0.003272713,0.41469739,0.415369713,0.424535903
3082,5,0.0,5,1912.0,1975.0,312903000.0,0.451075572,1.0,0.0,0.0,0.0,0.0,0.0,0.0,138.3364618,142.9980835,143.3040745,151.0987308,158.8734647,0.001706844,0.001706844,0.00169104,0.456375379,0.456375379,0.470035401
3083,0,0.0,5,1979.0,1994.0,28429000.0,0.036149481,0.833333333,0.0,0.0,0.166666667,0.0,0.0,0.0,172.3157843,182.7555037,197.0752672,207.3182461,219.511872,0.001459211,0.002093651,0.002434663,0.527691313,0.552275854,0.488486901
3085,44,0.0,96,1965.0,2016.0,748180607.0,1.823546105,0.988372093,0.0,0.0,0.0,0.0,0.0,0.0,238.5077358,257.4595045,282.5976842,302.8269498,328.2617656,0.003501497,0.005666448,0.005684943,0.957590713,0.957360006,0.957452484
3087,214,0.0,319,1800.0,2016.0,6734267178.0,0.722860188,0.946708464,0.006269592,0.0,0.003134796,0.0,0.0,0.003134796,199.1780533,211.6454381,225.9280223,237.1408278,250.5186315,0.004763424,0.009875732,0.010518041,0.732161439,0.72658974,0.756848573
3089,4,0.0,11,1907.0,2009.0,377527000.0,0.538943452,1.0,0.0,0.0,0.0,0.0,0.0,0.0,198.9622126,207.5732564,218.0448843,223.7619709,233.3303206,0.002635809,0.002635809,0.002658289,0.413479155,0.413479155,0.426045612
3091,0,0.0,3,1940.0,1974.0,31012420.0,,0.666666667,0.0,0.0,0.0,0.0,0.0,0.0,212.7675902,222.5911925,239.0425261,242.0382918,252.1835551,0.006711937,0.02307115,0.023046941,0.389473939,0.378864357,0.370893553
3092,3,0.0,4,1781.0,1988.0,1221315000.0,0.236110748,0.666666667,0.166666667,0.0,0.0,0.0,0.0,0.0,146.6329625,158.3784311,170.5154742,183.6810306,202.1844582,0.00909164,0.011391037,0.011181109,0.481346834,0.469885168,0.478637392
3094,30,0.0,49,1965.0,2003.0,1557837000.0,0.753039849,0.905660377,0.018867925,0.0,0.018867925,0.018867925,0.0,0.0,194.3085588,204.9863065,217.7019655,233.6653702,248.0272144,0.004445725,0.005193521,0.005247063,0.587321205,0.592248804,0.590849587
3098,10,0.0,28,1891.0,2012.0,1008739000.0,0.844982122,1.0,0.0,0.0,0.0,0.0,0.0,0.0,341.463748,356.1586735,371.7987185,388.3655707,405.4660607,0.00767339,0.011851915,0.014005754,0.741762822,0.754490194,0.788383963
3099,1,0.0,2,1982.0,2013.0,72901000.0,0.102420707,1.0,0.0,0.0,0.0,0.0,0.0,0.0,80.53447762,82.63524218,85.98716689,98.20093994,109.0418408,0.000905479,0.000905479,0.000939265,0.396998405,0.410952239,0.43333919
3103,327,0.0,504,1800.0,2016.0,17697042278.0,0.556655578,0.941060904,0.009823183,0.001964637,0.011787819,0.001964637,0.0,0.001964637,195.842131,207.4631563,219.6771147,232.7697566,246.3487972,0.005378823,0.007827174,0.00816058,0.581338874,0.574505523,0.594982954
3105,2,0.0,2,,,2171000.0,0.001371913,1.0,0.0,0.0,0.0,0.0,0.0,0.0,97.73632486,105.9889097,111.8772299,123.2613705,128.5600044,0.005255259,0.005255259,0.005308666,0.579322905,0.579322905,0.583259008
3107,0,0.0,0,,,0.0,0.0,,,,,,,,70.91585879,74.21789777,79.22798474,83.86827204,89.25656151,0.0,0.0,0.0,0.214817125,0.214612986,0.226657216
3109,235,0.0,430,1904.0,2015.0,9860869317.0,2.925638825,0.943877551,0.030612245,0.0,0.0,0.00255102,0.0,0.0,273.3085047,299.680414,328.3596577,361.5125462,396.915465,0.004209293,0.006930528,0.00782547,0.818892284,0.843079175,0.866995108
3110,21,0.0,43,1935.0,2010.0,544667000.0,2.042556347,0.961538462,0.0,0.0,0.0,0.0,0.0,0.0,261.430445,295.0610494,323.0016184,372.8686188,414.7035886,0.004025458,0.005908046,0.006610451,0.893043695,0.898591625,0.909812276
4003,65,0.0,82,1872.0,2013.0,4665616125.0,0.573835699,0.879518072,0.108433735,0.0,0.0,0.0,0.0,0.0,340.1574695,354.125735,368.6783675,384.2586437,400.213022,0.003128296,0.008381805,0.00855475,0.661840023,0.675301588,0.674185891
4004,57,2793939.716,62,1888.0,2014.0,8972450545.0,1.725281159,0.8,0.04,0.013333333,0.026666667,0.0,0.026666667,0.0,215.4453138,227.1872522,239.6495939,252.7493895,266.848534,0.002043098,0.003474084,0.007481203,0.706967998,0.701064938,0.71036449
4005,2,0.0,2,1928.0,1985.0,4459000.0,0.010850257,1.0,0.0,0.0,0.0,0.0,0.0,0.0,260.8680581,274.636387,295.5524333,311.9290019,332.496217,0.000760758,0.001576987,0.002032649,0.800206039,0.83986449,0.814810999
4006,15,2034.26,14,1965.0,2004.0,1586538714.0,1.656625344,0.608695652,0.043478261,0.043478261,0.043478261,0.043478261,0.043478261,0.043478261,285.1414279,301.7351856,315.9353832,336.2679743,356.6599053,0.002884601,0.005100916,0.00802741,0.867332293,0.837125772,0.853157651
4007,2,621.0,11,1898.0,1963.0,502355200.0,0.528994072,0.833333333,0.0,0.0,0.0,0.0,0.0,0.0,742.3164312,806.6607324,880.6155403,974.2904108,1083.626206,0.049589384,0.05112671,0.105376667,0.654208431,0.616235582,0.59737771
4012,0,0.0,4,,,10436000.0,0.053082887,1.0,0.0,0.0,0.0,0.0,0.0,0.0,161.8819115,172.2324232,184.4305031,189.5152265,197.9220289,0.000739672,0.000739672,0.001028844,0.684272686,0.657197039,0.68377044
4013,15,0.0,17,1908.0,2005.0,2495028616.0,0.167020724,0.761904762,0.095238095,0.0,0.0,0.0,0.0,0.0,249.5260965,257.738111,264.4928749,275.9953539,286.7790513,0.002758592,0.006466063,0.01036182,0.531132194,0.529496545,0.524915373
4015,3,0.0,3,1965.0,1994.0,2309344352.0,1.226048456,0.4,0.2,0.0,0.0,0.0,0.0,0.0,194.1705402,189.4921272,185.8391691,186.9840767,191.785129,0.004667845,0.008018083,0.008727342,0.22553562,0.21638157,0.215147575
4016,7,0.0,7,1928.0,2005.0,2417244116.0,,0.545454545,0.181818182,0.0,0.0,0.0,0.0,0.0,208.4869728,210.1681018,212.1729771,217.0366736,222.3321695,0.004137716,0.008706777,0.012242741,0.315419649,0.299759432,0.298401494
4017,183,0.0,219,1872.0,2014.0,15195833498.0,1.102741508,0.855932203,0.080508475,0.004237288,0.004237288,0.004237288,0.004237288,0.004237288,305.1345185,323.1638324,341.6025992,360.7729295,381.0723768,0.002880186,0.006745488,0.007946389,0.776739285,0.772485753,0.772938353
4018,1,0.0,8,1966.0,1989.0,75781100.0,0.403206027,1.0,0.0,0.0,0.0,0.0,0.0,0.0,172.4354973,206.30535,248.4555345,291.5194234,350.572138,0.004679618,0.004921047,0.006564821,0.797646322,0.789494231,0.788122708
4019,455,1516.0,611,1871.0,2014.0,30653582241.0,1.241956153,0.899529042,0.054945055,0.001569859,0.003139717,0.001569859,0.001569859,0.001569859,278.0948582,300.1613428,324.11937,350.7075464,379.8929532,0.003485998,0.008037444,0.009181506,0.787641269,0.795497911,0.795315883
4021,22,0.0,27,1964.0,2011.0,4421214242.0,1.033288282,0.709677419,0.258064516,0.0,0.0,0.0,0.0,0.0,293.9143203,305.064271,313.5753692,321.7139589,331.1347922,0.002353087,0.007142844,0.007393598,0.528930245,0.575365092,0.574205811
4022,1,1.67,8,1902.0,1968.0,206477200.0,0.118166201,1.0,0.0,0.0,0.0,0.0,0.0,0.0,271.6094706,282.8650805,293.2218621,306.2394324,318.5554297,0.004062229,0.007828401,0.00871562,0.741106699,0.743206608,0.737183009
4023,4,0.0,4,1940.0,1940.0,54201000.0,0.531662127,1.0,0.0,0.0,0.0,0.0,0.0,0.0,208.3540714,213.1708224,218.0346893,216.6597389,216.58728,0.001075615,0.001367071,0.003296238,0.45838297,0.453879267,0.493431812
4024,8,0.0,9,1952.0,2010.0,39112000.0,0.74511178,1.0,0.0,0.0,0.0,0.0,0.0,0.0,129.2338149,136.2949186,148.2929523,154.6345725,156.0301427,0.0,0.0,0.0,0.913685915,0.903360079,0.904450884
4025,3,0.0,5,1908.0,1984.0,65375000.0,0.158545872,1.0,0.0,0.0,0.0,0.0,0.0,0.0,192.6286175,201.063821,214.9734755,219.388076,228.0227942,0.000447287,0.001774721,0.004535398,0.620050981,0.627284533,0.630963832
4026,86,0.0,108,1872.0,2014.0,6256720125.0,0.573529483,0.867256637,0.10619469,0.0,0.0,0.0,0.0,0.0,410.2878181,426.7490616,445.7304649,463.7856114,484.7883542,0.005677921,0.012805413,0.012955547,0.650545143,0.659837933,0.65878311
4028,1,0.0,3,1930.0,1968.0,78140000.0,0.179472921,1.0,0.0,0.0,0.0,0.0,0.0,0.0,279.3878978,279.8550686,291.9706894,299.1520842,307.6874827,0.001995818,0.004751948,0.004710369,0.793771384,0.798398593,0.800839907
4030,14,0.0,27,1966.0,2002.0,869712933.0,0.750239343,0.964285714,0.0,0.0,0.035714286,0.0,0.0,0.0,179.571946,196.5086259,225.6470503,247.1012871,276.1536452,0.002841754,0.004755685,0.005169637,0.858515389,0.862688211,0.859722748
4031,57,0.0,59,1888.0,2005.0,8822265545.0,1.470753419,0.805555556,0.041666667,0.013888889,0.027777778,0.0,0.027777778,0.0,215.038502,226.5683177,238.7707032,251.6579546,265.5431096,0.002028322,0.003431398,0.007525534,0.708381147,0.700206551,0.707348855
4032,1,0.0,1,1964.0,1964.0,23040000.0,0.006038014,1.0,0.0,0.0,0.0,0.0,0.0,0.0,240.6397056,252.8068127,264.8756066,276.9945669,289.6404924,0.002941053,0.005078957,0.019264087,0.787890435,0.782874583,0.777455244
4038,112,0.0,139,1879.0,2013.0,11199665517.0,3.497089699,0.841059603,0.099337748,0.0,0.0,0.0,0.0,0.0,380.656425,428.6459149,482.7619054,544.9268723,615.9620369,0.005588447,0.016000885,0.017727217,0.67100581,0.700616832,0.69691053
4039,0,0.0,0,,,0.0,0.0,,,,,,,,370.1354361,405.749231,418.4266333,445.3578648,463.2955135,0.004838507,0.007755132,0.015387934,0.967701435,0.904781527,0.941355233
4040,30,0.0,32,1888.0,2005.0,7454875545.0,1.451182104,0.756097561,0.073170732,0.024390244,0.024390244,0.0,0.024390244,0.0,229.9821294,242.0452993,254.3685395,268.8155319,283.855995,0.002420513,0.004714503,0.010113437,0.666224638,0.662541903,0.659604452
4041,0,0.0,2,1928.0,1928.0,76418000.0,0.234960512,1.0,0.0,0.0,0.0,0.0,0.0,0.0,241.8054701,250.8427986,262.2260912,269.4184609,279.6554171,0.00325132,0.004778516,0.005112088,0.875802783,0.856226539,0.86390271
4044,10,0.0,9,1916.0,2008.0,1274395000.0,0.860206637,0.5,0.5,0.0,0.0,0.0,0.0,0.0,322.8012383,379.7072508,433.3411998,492.7398751,566.2929371,0.005623515,0.015673072,0.016152061,0.583196699,0.579613493,0.5725438
4047,13,0.0,14,1923.0,2004.0,177028000.0,0.045155226,0.8125,0.125,0.0,0.0,0.0,0.0,0.0,359.2183665,396.2163,418.2040439,448.9902454,470.7665619,0.0,0.002809681,0.002809681,0.685030453,0.703911508,0.688626844
4048,11,0.0,13,1971.0,2012.0,124752034.0,0.039568551,0.928571429,0.071428571,0.0,0.0,0.0,0.0,0.0,311.1137295,335.6649256,338.711359,371.2638074,384.7527367,0.001070632,0.002480134,0.002499779,0.626427919,0.626413185,0.623952696
4049,32,0.0,41,1927.0,2013.0,1511154970.0,1.33087666,0.88372093,0.069767442,0.0,0.0,0.0,0.0,0.0,220.2513261,238.4983186,261.2999607,289.531261,317.7525044,0.001340255,0.002622427,0.00445348,0.6675108,0.699951356,0.696948488
4050,2,0.0,2,1979.0,2005.0,96969763.78,0.004437829,0.5,0.25,0.0,0.0,0.0,0.0,0.0,159.7418301,167.0043304,176.8173117,180.6377575,183.8570039,0.003802705,0.008463621,0.017081649,0.232492836,0.210297825,0.209234935
4051,7,0.0,8,1973.0,1995.0,41328000.0,1.929100515,1.0,0.0,0.0,0.0,0.0,0.0,0.0,114.6556894,125.8798896,131.292425,136.7294591,147.3497686,0.0,0.0,0.0,0.874170466,0.881082572,0.879313982
4054,167,0.0,202,1879.0,2013.0,11889960397.0,3.638496868,0.88372093,0.069767442,0.0,0.0,0.0,0.0,0.0,313.8084177,348.8542972,388.6040314,433.9659606,484.7591446,0.004060068,0.011364119,0.012767337,0.717466643,0.74065013,0.737911259
4055,0,0.0,0,,,0.0,0.0,,,,,,,,148.6621206,161.0293644,182.9548257,176.6906741,184.6048021,0.000444773,0.000909948,0.001089489,0.910294652,0.917149864,0.932786277
4056,21,0.0,25,1883.0,2014.0,1590533000.0,0.330523344,0.827586207,0.103448276,0.0,0.0,0.0,0.0,0.0,690.5473071,708.1626167,749.8769394,767.2994273,810.0789203,0.016807605,0.030193085,0.030237529,0.535334354,0.5287204,0.527847697
4057,25,0.0,24,1892.0,1987.0,1346770000.0,1.616815398,0.857142857,0.0,0.0,0.035714286,0.0,0.035714286,0.0,196.4253695,205.0551954,214.6467519,223.5703051,233.8097986,0.000996752,0.001424052,0.00456915,0.708782245,0.694963527,0.714454761
4060,525,0.0,738,1871.0,2014.0,59928633239.0,,0.893453145,0.051347882,0.002567394,0.005134788,0.001283697,0.003851091,0.001283697,274.1386279,293.6001697,314.6700506,338.3684912,364.6058013,0.005279418,0.00850247,0.012676183,0.739827148,0.739753027,0.74192413
4061,58,0.0,109,1871.0,2014.0,834025850.0,1.671938447,1.0,0.0,0.0,0.0,0.0,0.0,0.0,257.7837764,272.9850826,287.7510466,304.7747671,323.7751525,0.004351935,0.009073846,0.010224791,0.856362357,0.876596188,0.87823688
4062,524,0.0,726,1871.0,2014.0,59551514003.0,3.381367745,0.89178618,0.052151239,0.002607562,0.005215124,0.001303781,0.003911343,0.001303781,271.5236406,291.5140063,313.2876968,337.7875684,364.8574234,0.005292528,0.008426616,0.012821111,0.738485555,0.738497726,0.741235577
4063,5,0.0,9,1964.0,2010.0,3099912747.0,1.070068782,0.625,0.25,0.0,0.0,0.0,0.0,0.0,180.3576326,182.2080554,185.9969196,184.380698,192.6498368,0.000387561,0.002154838,0.002501059,0.354147935,0.372301285,0.370828553
4064,271,0.0,389,1871.0,2014.0,15119340993.0,2.69830295,0.927135678,0.037688442,0.0,0.002512563,0.0,0.0,0.0,262.7461874,288.3209186,316.9753733,350.041416,386.9086967,0.003907739,0.009207526,0.010322073,0.802554815,0.818212926,0.816609627
5001,4,7744.16,4,1970.0,2001.0,1199668000.0,1.147073213,0.363636364,0.090909091,0.090909091,0.090909091,0.090909091,0.090909091,0.0,274.2803429,278.202863,282.6413851,287.0314303,292.347155,0.003006252,0.004762952,0.00942563,0.261692371,0.150592187,0.227919766
5002,54,40938.844,58,1000.0,2009.0,6631262815.0,0.99061602,0.746478873,0.112676056,0.014084507,0.028169014,0.014084507,0.014084507,0.0,375.5772642,407.2534783,439.9581449,477.9565408,521.8844231,0.00539774,0.010592212,0.016786305,0.244642263,0.22748445,0.169364741
5004,0,0.0,2,1991.0,1992.0,24040000.0,0.191987536,1.0,0.0,0.0,0.0,0.0,0.0,0.0,810.3114797,873.2418963,945.2532528,1038.369664,1132.426413,0.035758221,0.06370243,0.117275689,0.248655899,0.459688351,0.344032987
5005,2,633.0,2,1977.0,1985.0,17947002.38,0.406032363,0.666666667,0.0,0.0,0.333333333,0.0,0.0,0.0,191.8983778,213.3843643,242.2283971,255.1637242,289.5898711,0.000181633,0.000419634,0.001390429,0.408310003,0.297971352,0.327289353
5007,2,0.0,2,1973.0,1983.0,223740000.0,0.321477372,1.0,0.0,0.0,0.0,0.0,0.0,0.0,202.7091887,209.7211679,217.2014495,234.6867399,245.9708034,0.001363803,0.003256843,0.006167646,0.207657652,0.203084501,0.012396358
5008,76,13987.292,89,1000.0,2009.0,11251063920.0,1.493850887,0.571428571,0.232142857,0.026785714,0.044642857,0.017857143,0.035714286,0.008928571,360.7167804,388.5778718,418.2754153,450.7387971,489.1455298,0.005442992,0.010453708,0.017022394,0.239468271,0.227986797,0.197508718
5010,2,0.0,2,1982.0,1985.0,245787000.0,0.09335188,0.666666667,0.333333333,0.0,0.0,0.0,0.0,0.0,213.6553886,203.9038806,211.5223729,203.1363523,206.8455109,0.003805335,0.006790359,0.012036937,0.167867702,0.034589816,0.063739369
5012,83,5096.62,101,1000.0,2009.0,11526717920.0,1.563889031,0.598425197,0.212598425,0.023622047,0.05511811,0.015748031,0.031496063,0.007874016,388.945671,419.720271,452.1282117,489.3663725,531.6237341,0.008504653,0.014237274,0.023265975,0.273724606,0.277584648,0.259823964
5013,2,0.0,5,1991.0,2005.0,913040000.0,0.377788741,0.333333333,0.666666667,0.0,0.0,0.0,0.0,0.0,449.3238246,460.6654542,472.7712918,474.000592,489.2110558,0.003371229,0.005294198,0.00621143,0.08192329,0.065147602,0.09497373
5014,7,0.0,10,1958.0,2007.0,251614000.0,0.806214168,0.769230769,0.076923077,0.0,0.153846154,0.0,0.0,0.0,263.2289426,286.7432557,311.8803834,344.0243517,384.7559329,0.008484341,0.010538553,0.014757861,0.329786188,0.370354875,0.429722401
5015,8,0.0,14,1961.0,1984.0,896284058.0,0.670040855,0.0,0.846153846,0.0,0.0,0.076923077,0.0,0.0,188.0249903,195.67851,202.0696039,209.0503246,212.8983768,0.000444855,0.000484692,0.000464773,0.038908181,0.086826327,0.065592819
5017,0,0.0,0,,,0.0,0.0,,,,,,,,173.3744174,167.6856033,179.4021079,182.8436168,178.1559856,0.003677479,0.004903305,0.006193648,0.235874772,0.263665543,0.226471395
5018,16,0.0,24,1930.0,1990.0,1873860103.0,3.140610091,0.137931034,0.586206897,0.034482759,0.034482759,0.034482759,0.068965517,0.034482759,261.145956,268.6240172,277.4940955,287.2843141,302.4837517,0.004019472,0.006503693,0.014040864,0.120232048,0.125292041,0.160053523
5021,6,0.0,7,1896.0,1993.0,268270000.0,1.132292254,0.714285714,0.0,0.0,0.0,0.0,0.0,0.0,1194.07451,1449.951277,1709.877192,2029.531258,2404.928375,0.028293679,0.046400099,0.073322303,0.45692241,0.32890922,0.288127745
5022,7,0.0,9,1930.0,1977.0,121697750.3,0.371991854,0.111111111,0.777777778,0.0,0.0,0.0,0.111111111,0.0,206.2357387,202.2084204,199.7140284,189.2166832,179.7767005,0.001244127,0.004361763,0.005913262,0.112278802,0.017520235,0.02214546
5023,0,0.0,0,,,0.0,0.0,,,,,,,,575.0247463,626.1217489,680.3571171,735.1554448,793.233592,0.014307559,0.01602678,0.019440426,0.417307931,0.528487003,0.460222342
5024,2,0.0,2,1984.0,2001.0,144758000.0,0.732687028,0.666666667,0.0,0.0,0.0,0.0,0.0,0.0,280.1954437,290.9459192,302.1426278,304.0461949,311.6053979,0.00293276,0.006079368,0.009612937,0.270598059,0.129387684,0.175904522
5025,1,0.0,1,1986.0,1986.0,8460000.0,1.66940955,1.0,0.0,0.0,0.0,0.0,0.0,0.0,272.7198209,316.2714015,327.6034714,358.7051907,390.6348728,0.0,0.0,0.0,0.326556366,0.329781268,0.338586652
5027,15,0.0,15,1895.0,1970.0,212890914.6,0.310858948,0.882352941,0.0,0.0,0.058823529,0.0,0.0,0.0,325.7226804,331.170285,336.5037737,343.2546609,353.0681022,0.003954181,0.006243186,0.01153903,0.304824735,0.276925725,0.135253982
5028,10,0.0,13,1959.0,2005.0,1756218100.0,0.155179156,0.625,0.375,0.0,0.0,0.0,0.0,0.0,334.0805436,352.0812568,372.5689155,392.8939633,409.7712174,0.003040404,0.009157658,0.013456837,0.113040236,0.238218259,0.137863895
5029,60,0.0,64,1000.0,2009.0,9373263817.0,1.371690739,0.728395062,0.111111111,0.024691358,0.037037037,0.012345679,0.024691358,0.0,356.3752478,386.806947,418.1208547,453.2782084,494.0913468,0.005022654,0.009501083,0.014977036,0.249009463,0.234747193,0.186751442
6001,4,35615.83,12,1964.0,2010.0,1589671200.0,0.552656467,1.0,0.0,0.0,0.0,0.0,0.0,0.0,292.3060951,316.9901832,349.4998564,381.4616673,416.4122276,0.010044113,0.010416813,0.010485716,0.559390087,0.564430935,0.564095818
6006,11,825.0,22,1963.0,2010.0,4200865200.0,0.593031025,0.814814815,0.074074074,0.0,0.0,0.0,0.0,0.037037037,391.9454186,429.6430343,471.4561707,518.2076226,569.9396016,0.022943873,0.025053471,0.025527452,0.496911469,0.523724445,0.515575594
6007,8,3290.566,8,1980.0,2002.0,173365000.0,0.049091915,0.888888889,0.111111111,0.0,0.0,0.0,0.0,0.0,245.8688608,262.0951449,277.6114686,297.7434205,317.118494,0.010014319,0.010027701,0.010025471,0.544335107,0.565255889,0.56439274
6008,11,0.0,22,1963.0,2010.0,4200865200.0,0.601746476,0.814814815,0.074074074,0.0,0.0,0.0,0.0,0.037037037,372.3704605,406.7871894,449.2126329,493.9429403,543.3548652,0.022885546,0.024114948,0.024640945,0.524539013,0.551834843,0.543174564
7001,1,514.16,1,1983.0,1983.0,86000000.0,0.130735648,0.333333333,0.0,0.0,0.333333333,0.0,0.333333333,0.0,87.46527275,82.77624309,87.87095365,88.99705291,100.8073654,0.0,0.000222996,0.0,0.248640785,0.258866754,0.282440641
7002,10,2337.86,13,1975.0,1996.0,80404000.0,0.017337307,0.866666667,0.066666667,0.0,0.0,0.0,0.0,0.0,171.5095981,183.6700013,197.330738,212.50133,229.566385,0.006369493,0.007046438,0.007449847,0.519486027,0.521663975,0.523839625
7005,0,0.0,0,,,0.0,0.0,,,,,,,,145.2057404,156.0405559,169.1177976,182.8311695,197.3398218,0.016357201,0.016580452,0.01863327,0.338361013,0.354135584,0.356809148
7007,3,0.0,24,1957.0,2010.0,1470317143.0,0.133674759,0.923076923,0.038461538,0.0,0.0,0.0,0.0,0.0,182.0382461,199.6405398,218.259013,238.6000739,260.9114383,0.005927414,0.007409726,0.008121785,0.377420384,0.361986472,0.373485728
7008,0,0.0,12,1957.0,2009.0,637464143.0,0.161957599,1.0,0.0,0.0,0.0,0.0,0.0,0.0,191.7967718,214.4570992,238.5839439,263.431652,292.4290122,0.004868696,0.00595399,0.006725419,0.325735646,0.29050141,0.341092365
7009,17,0.0,42,1957.0,2010.0,6883802143.0,0.417922255,0.875,0.041666667,0.0,0.020833333,0.0,0.020833333,0.020833333,178.9906826,193.8745074,209.2429374,226.1043534,244.5127717,0.004668432,0.005535695,0.005996083,0.417083195,0.416457851,0.421798246
7011,0,0.0,13,1957.0,2009.0,762764143.0,,1.0,0.0,0.0,0.0,0.0,0.0,0.0,203.3084228,224.7157921,247.6083098,274.3149804,303.4304025,0.005887735,0.007565223,0.008238315,0.350741811,0.319221794,0.362350419
7015,1,0.0,5,1985.0,2010.0,312508000.0,0.161086952,0.833333333,0.166666667,0.0,0.0,0.0,0.0,0.0,116.9562892,127.0022059,139.6114956,151.2530626,166.3009142,0.004805281,0.004802185,0.003975503,0.404625083,0.411161132,0.382787682
8001,1,82.0,5,1984.0,1993.0,75924000.0,0.247511756,1.0,0.0,0.0,0.0,0.0,0.0,0.0,157.7139672,189.8503932,222.415775,260.3932454,308.7705506,0.002872957,0.002872957,0.002895402,0.548223031,0.638671796,0.61341222
8003,44,16308.0,46,1967.0,2004.0,3614900000.0,1.019793646,0.958333333,0.041666667,0.0,0.0,0.0,0.0,0.0,157.8703004,174.5770706,183.078742,200.5041246,219.1359814,0.016798002,0.018359215,0.01581603,0.400029621,0.394118518,0.342072
8005,3,2240.0,4,1977.0,1988.0,553631000.0,0.41415343,1.0,0.0,0.0,0.0,0.0,0.0,0.0,59.87419671,65.57548404,73.50087969,81.18340871,91.4856165,0.000556141,0.000636472,0.000630293,0.160712355,0.165652739,0.173040144
8006,101,15153.921,137,1908.0,2011.0,7745704470.0,0.393777059,0.971631206,0.021276596,0.0,0.0,0.0,0.0,0.0,221.9187798,245.1595773,269.5762019,298.3917306,330.3359436,0.016128371,0.017840005,0.017337978,0.541970677,0.548629609,0.542182832
8009,5,0.0,6,1917.0,2003.0,202086000.0,0.231111711,1.0,0.0,0.0,0.0,0.0,0.0,0.0,296.191179,317.3890748,326.4870178,357.0752025,377.514994,0.019306309,0.020828271,0.018401906,0.438257606,0.432949299,0.36257458
8011,37,0.0,60,1908.0,2005.0,1465565470.0,0.175310163,0.983606557,0.016393443,0.0,0.0,0.0,0.0,0.0,281.2232206,310.3037082,342.5114805,379.2625996,420.5735487,0.019575834,0.022380723,0.022237106,0.625782762,0.63977734,0.641481279
8013,19,0.0,30,1958.0,2014.0,3376487000.0,0.291796399,0.833333333,0.027777778,0.0,0.027777778,0.0,0.0,0.027777778,149.378737,163.2431003,178.0265838,194.5516356,212.8889995,0.002748831,0.002992169,0.003230109,0.499675959,0.546292267,0.555521432
8016,12,0.0,20,1958.0,2014.0,2758657000.0,0.366675314,0.8,0.04,0.0,0.04,0.0,0.0,0.04,171.1188065,186.828413,203.7581517,223.0546736,244.2634193,0.001374135,0.001805696,0.002182893,0.568928818,0.619833715,0.622929074
8020,14,0.0,22,1908.0,2005.0,682460470.0,0.361359494,1.0,0.0,0.0,0.0,0.0,0.0,0.0,229.6619884,251.8961426,277.9583558,300.4542425,325.1186986,0.007831996,0.007572575,0.008278935,0.487216434,0.497807605,0.516226543
8021,13,0.0,12,1981.0,2003.0,20057000.0,0.00771946,1.0,0.0,0.0,0.0,0.0,0.0,0.0,110.5433513,117.355515,134.4136041,145.1858786,156.5906915,0.002055024,0.002052933,0.002669649,0.459045867,0.461790776,0.398647406
8023,11,0.0,10,1967.0,2004.0,15704000.0,0.050160723,1.0,0.0,0.0,0.0,0.0,0.0,0.0,114.0897658,123.8408147,121.1710542,127.5498539,136.3700152,0.006795161,0.0080723,0.010665575,0.268433213,0.268452712,0.263422148
8028,1,0.0,2,1909.0,1909.0,12090000.0,0.011729819,1.0,0.0,0.0,0.0,0.0,0.0,0.0,500.6299336,536.6330573,585.7421237,632.0285618,716.8428196,0.040090101,0.050579048,0.050341304,0.845002942,0.822727529,0.835404528
8029,13,0.0,15,1923.0,1988.0,1935939000.0,0.598053849,0.9375,0.0,0.0,0.0,0.0,0.0,0.0,119.6485478,130.2179542,141.2239454,154.2329799,168.6198092,0.003418864,0.003668107,0.003636364,0.356599947,0.361272081,0.369136173
8030,0,0.0,4,1961.0,2002.0,124542000.0,0.093018625,1.0,0.0,0.0,0.0,0.0,0.0,0.0,135.6337984,145.6743643,161.5720073,179.8037442,202.2148044,0.0,0.0,0.0,0.519256466,0.522711528,0.520068058
8031,7,0.0,11,1974.0,2006.0,78750500.0,0.041265808,1.0,0.0,0.0,0.0,0.0,0.0,0.0,184.2816997,196.8043077,210.4252138,221.810124,237.2700458,0.000988426,0.000785178,0.000958473,0.749132453,0.758982478,0.763002503
8034,57,0.0,90,1908.0,2011.0,4127897470.0,0.264860484,0.97826087,0.010869565,0.0,0.0,0.0,0.0,0.0,233.0021017,257.3250198,284.7316847,315.5128642,349.7462596,0.01584553,0.017631097,0.017535059,0.564742389,0.574095836,0.576847414
8035,19,0.0,36,1908.0,2005.0,973902470.0,0.200837115,1.0,0.0,0.0,0.0,0.0,0.0,0.0,299.7105131,332.2819698,369.2025022,410.3546752,456.6817277,0.024606101,0.029028213,0.029267998,0.622073141,0.614595397,0.641409297
8036,5,0.0,4,1981.0,2006.0,42696000.0,0.013531666,1.0,0.0,0.0,0.0,0.0,0.0,0.0,137.1176943,147.3582041,157.9861488,170.0743823,183.2960101,0.003687386,0.003796729,0.003221416,0.660154863,0.675338417,0.580108973
8038,176,0.0,238,1908.0,2014.0,20665105030.0,0.472134084,0.926070039,0.019455253,0.003891051,0.011673152,0.0,0.003891051,0.007782101,193.3381238,211.1847342,230.6639584,252.453016,276.4664344,0.009758388,0.010613887,0.01041961,0.551181335,0.568707122,0.56089403
9001,1,199.0,7,1919.0,2004.0,409294162.0,0.230700531,1.0,0.0,0.0,0.0,0.0,0.0,0.0,162.4623887,175.6232746,187.2767966,200.0742026,211.5668753,0.019021545,0.020676575,0.020780089,0.559107545,0.564272524,0.555323939
9002,15,5677.97,49,1908.0,2008.0,1579183208.0,0.68272896,0.941176471,0.019607843,0.0,0.0,0.0,0.0,0.0,185.664454,196.1339779,207.4433168,218.9966369,231.0966712,0.007042455,0.007750272,0.007996355,0.621218335,0.620123401,0.610788146
9005,1,0.0,9,1969.0,2008.0,60585000.0,0.437575729,1.0,0.0,0.0,0.0,0.0,0.0,0.0,139.2375303,145.560974,152.6247544,160.619914,167.0153223,0.000599975,0.001032516,0.00109949,0.571394287,0.551465335,0.543840066
9008,0,0.0,8,1959.0,2000.0,47355000.0,0.439390548,0.875,0.0,0.0,0.0,0.0,0.0,0.0,108.0769079,114.8705256,121.1861402,127.0361675,133.9441304,0.001702235,0.001702235,0.001860677,0.30912016,0.308982031,0.308608271
9009,19,2622.0,71,1908.0,2008.0,4169327958.0,,0.932432432,0.027027027,0.0,0.0,0.0,0.0,0.0,182.6151269,192.3839535,203.0437617,214.1353775,225.8743567,0.005861769,0.006351516,0.006717316,0.533721054,0.53268041,0.524812967
9011,0,0.0,10,1975.0,2008.0,82321462.0,1.455509943,1.0,0.0,0.0,0.0,0.0,0.0,0.0,181.4217126,192.2787074,204.3428164,215.4655012,227.8175052,0.002206992,0.002500029,0.002690922,0.654995956,0.652931297,0.649187114
9012,12,0.0,17,1908.0,1994.0,603936584.0,6.982129156,0.941176471,0.058823529,0.0,0.0,0.0,0.0,0.0,222.3277668,233.9008716,246.1691004,258.1148609,272.7299574,0.003837639,0.003995142,0.004429275,0.701881802,0.71978199,0.694427188
10004,8,0.0,27,1911.0,2002.0,91522000.0,0.055907607,0.928571429,0.0,0.0,0.0,0.0,0.0,0.0,312.4427027,352.7304997,401.4554922,455.2331582,522.1579798,0.002326334,0.001947756,0.002828362,0.336939883,0.34184768,0.705814738
10005,1,73.74,2,1986.0,1986.0,152120000.0,0.628782343,1.0,0.0,0.0,0.0,0.0,0.0,0.0,125.3844998,137.0258873,148.3637538,160.918336,184.3950932,0.0,0.0,0.000583903,0.356492222,0.378735033,0.385274746
10008,71,27772.35,152,1730.0,2016.0,6405341512.0,1.178757965,0.862857143,0.017142857,0.005714286,0.028571429,0.005714286,0.005714286,0.005714286,278.5568144,310.1429227,346.2971108,385.1734339,429.6362319,0.00173565,0.002109738,0.002327363,0.459573539,0.471964764,0.551604868
10010,5,0.0,23,1974.0,2012.0,296519500.0,0.165811234,0.793103448,0.0,0.034482759,0.034482759,0.0,0.034482759,0.0,226.7432883,250.224674,279.7134111,307.5749826,341.4290609,0.003411515,0.005494722,0.005949766,0.649605585,0.658382937,0.699089649
10011,7,0.0,50,1730.0,2016.0,3334682500.0,1.349477229,0.833333333,0.016666667,0.016666667,0.016666667,0.016666667,0.016666667,0.0,200.7141954,223.8652326,249.7381345,276.0169416,306.8790898,0.001101702,0.001941494,0.002142132,0.354575637,0.383265543,0.431599264
10013,8,10846.006,8,1892.0,1989.0,151454000.0,0.322833161,0.7,0.0,0.0,0.1,0.0,0.0,0.0,826.7213737,897.1789046,962.6704924,1042.929651,1125.349229,0.023159334,0.048754067,0.050206087,0.857717409,0.830624561,0.830048362
10014,1,0.0,8,1730.0,2000.0,792223000.0,0.877730307,0.888888889,0.0,0.0,0.0,0.0,0.0,0.0,182.3573228,203.9050228,229.8572701,256.7069838,287.8129817,0.000423622,0.001121218,0.001299646,0.212772448,0.279176423,0.292865875
11001,8,7591.23,11,1935.0,1990.0,984095000.0,1.969768293,0.916666667,0.0,0.0,0.0,0.0,0.0,0.0,158.3941032,173.4311788,188.4582947,205.0946134,223.6168208,0.000779333,0.000779333,0.001212125,0.268719013,0.280963478,0.295724603
11005,0,0.0,0,,,0.0,0.0,,,,,,,,117.2180923,131.5775941,150.9862582,172.7568795,191.0612473,0.0,0.0,0.0,0.083317205,0.151846757,0.161414007
11006,3,0.0,3,1978.0,1988.0,46688000.0,0.081343438,1.0,0.0,0.0,0.0,0.0,0.0,0.0,116.5972285,128.5636001,142.9064125,158.557665,175.5977027,0.0,0.0,0.0,0.091221492,0.1309599,0.146551526
11007,8,5276.2,8,1965.0,2009.0,236747000.0,0.533348988,1.0,0.0,0.0,0.0,0.0,0.0,0.0,281.0210808,301.7082024,326.588503,354.7289802,386.6380885,0.002340035,0.002340035,0.002281371,0.660505878,0.659994199,0.69707626
11010,29,2386.41,42,1910.0,2009.0,2137534000.0,0.83878149,0.933333333,0.0,0.0,0.022222222,0.0,0.0,0.0,539.647094,589.9695366,639.689092,700.5113933,763.4830435,0.009126896,0.016152505,0.016592647,0.591404928,0.591226507,0.600689287
12001,8,496.29,0,,,0.0,,,,,,,,,118.8112424,130.6518338,145.7791009,153.7126724,161.5434898,0.000962363,0.000962363,0.000966244,0.398829642,0.404906499,0.404064432
12004,23,1024.72,43,1909.0,2003.0,4036874000.0,,0.913043478,0.02173913,0.0,0.02173913,0.0,0.0,0.0,169.8418032,183.2044127,197.88273,213.3803943,229.2925846,0.003620311,0.005641446,0.005698138,0.518683127,0.526259718,0.545782385
12006,0,0.0,3,1978.0,1988.0,30045000.0,,1.0,0.0,0.0,0.0,0.0,0.0,0.0,104.4613591,112.0510502,123.5420389,134.066687,150.3665314,0.0,0.0,0.0,0.51542501,0.507447251,0.466141531
12009,16,0.0,303,1909.0,2017.0,31817848904.0,,0.894894895,0.024024024,0.003003003,0.024024024,0.012012012,0.003003003,0.006006006,232.9729217,250.0868524,269.7211593,289.2147524,311.2106103,0.000943474,0.000943474,0.00094597,0.530314716,0.532960436,0.662900259
12012,0,0.0,1,1956.0,1956.0,973000.0,,1.0,0.0,0.0,0.0,0.0,0.0,0.0,73.7930929,76.3442968,79.46812944,85.75346506,98.1349083,0.0,0.0,0.0,0.224394381,0.153879639,0.236905334
12015,1,0.0,2,1984.0,1991.0,4620000.0,,1.0,0.0,0.0,0.0,0.0,0.0,0.0,190.7343926,209.9501253,243.7172725,260.3356251,296.9358912,0.0,0.0,0.0,0.704655057,0.704655057,0.712486936
12016,3,0.0,4,1976.0,2000.0,7457970.0,0.053858074,1.0,0.0,0.0,0.0,0.0,0.0,0.0,57.59867771,66.11230793,73.39173331,79.91487101,83.24880791,0.000442927,0.000442927,0.000430026,0.602982661,0.639233865,0.584310926
12018,3,0.0,3,1976.0,1983.0,31568500.0,,1.0,0.0,0.0,0.0,0.0,0.0,0.0,100.8830324,106.8373843,115.037411,127.7627117,141.707034,0.000461465,0.000461465,0.000461465,0.264200142,0.266959973,0.319894087
12020,54,0.0,0,,,0.0,,,,,,,,,160.3391287,174.9371494,190.5558146,208.2449611,227.5036718,0.002509016,0.00309934,0.003331151,0.48076165,0.463998852,0.518403488
12025,41,0.0,0,,,0.0,,,,,,,,,153.1279083,165.1684032,177.8290977,191.3233624,206.1010419,0.002798989,0.003772485,0.004133376,0.500820818,0.478723455,0.522933156
12026,40,0.0,139,1909.0,2004.0,6957200570.0,0.293865855,0.872611465,0.025477707,0.006369427,0.031847134,0.012738854,0.006369427,0.006369427,157.596819,169.85169,183.0761535,196.6668868,211.6032167,0.002712045,0.003999845,0.004173501,0.491831416,0.468678033,0.518161551
12029,3,0.0,5,1955.0,1992.0,7156000.0,,1.0,0.0,0.0,0.0,0.0,0.0,0.0,204.3955471,228.8133281,255.3687677,280.4958679,311.231379,0.002166979,0.002166979,0.002156876,0.522842934,0.517496205,0.435305082
12035,47,0.0,35,1909.0,2002.0,110167000.0,,0.944444444,0.0,0.0,0.027777778,0.0,0.0,0.0,154.1619192,167.7556271,182.1936175,197.7601876,214.2040262,0.002704797,0.003410325,0.003674211,0.504550763,0.481020949,0.51310927
12036,3,0.0,192,1909.0,2010.0,21093729070.0,0.693913255,0.882629108,0.028169014,0.004694836,0.028169014,0.014084507,0.004694836,0.004694836,71.90813207,78.56384557,86.28391338,93.65532106,102.1686518,0.00026721,0.00026721,0.000255064,0.597957866,0.615717227,0.610393265
12038,0,0.0,3,1984.0,2000.0,5345000.0,,1.0,0.0,0.0,0.0,0.0,0.0,0.0,78.04745316,80.13007201,87.16357918,96.54454083,106.6815324,0.0,0.0,0.0,0.31835673,0.341958275,0.435478177
12043,3,0.0,18,1912.0,1986.0,57077000.0,0.034005359,0.85,0.0,0.0,0.05,0.05,0.0,0.0,402.5757914,429.8264356,449.3344183,485.1275243,513.6480809,0.016414389,0.022624246,0.022729498,0.654957606,0.662900446,0.6561423
12044,1,0.0,10,1980.0,1997.0,15452980.0,0.039469379,1.0,0.0,0.0,0.0,0.0,0.0,0.0,223.07419,259.2520333,288.5929326,329.4617116,374.1847534,0.002394206,0.002394206,0.002400147,0.212365512,0.280680596,0.280484545
12046,30,0.0,86,1909.0,2003.0,4135626000.0,0.270178509,0.884210526,0.021052632,0.0,0.052631579,0.010526316,0.0,0.0,164.4901542,177.2070582,191.0670383,205.6460023,221.2175193,0.003045413,0.004660961,0.004727516,0.517050633,0.52455096,0.546379709
13004,17,0.0,41,1966.0,2014.0,1106655000.0,0.227719598,0.951219512,0.0,0.0,0.024390244,0.0,0.0,0.0,113.4674036,122.4057218,129.5027898,138.4183884,149.3385778,0.00096281,0.000641873,0.000969404,0.284727924,0.254633522,0.253338785
13006,12,0.0,32,1966.0,2013.0,990567000.0,,0.939393939,0.0,0.0,0.03030303,0.0,0.0,0.0,96.95706852,104.1735666,111.6014257,116.0977269,124.0385458,6.45e-05,6.45e-05,6.45e-05,0.262909966,0.230880474,0.224278238
13007,345,7538681.113,447,1873.0,2015.0,13709887119.0,,0.956834532,0.016786571,0.0,0.004796163,0.0,0.0,0.002398082,240.9506557,260.8039331,282.3344282,305.2272323,330.7610783,0.004175787,0.005222375,0.005575483,0.576632681,0.582266887,0.618425194
13008,269,0.0,372,1873.0,2015.0,5778397249.0,0.656123655,0.956521739,0.014492754,0.0,0.005797101,0.0,0.0,0.0,244.7423009,263.4364521,282.7872309,304.2077269,328.0908767,0.004508196,0.00578795,0.006190223,0.595499933,0.590747296,0.63047435
13010,44,0.0,52,1970.0,2015.0,502452000.0,0.439303535,0.893617021,0.042553191,0.0,0.021276596,0.0,0.0,0.0,286.3741049,301.8398762,317.9121033,340.3981187,359.5943079,0.0048008,0.009772273,0.010910908,0.73031282,0.721663334,0.770453991
13012,9,0.0,15,1974.0,2006.0,183249000.0,,0.769230769,0.076923077,0.0,0.076923077,0.0,0.0,0.0,326.8946118,344.9277921,366.0831497,382.8467462,405.791771,0.003028998,0.012930535,0.01502902,0.752853664,0.755744603,0.763757503
13013,16,0.0,15,1970.0,2012.0,200961000.0,,1.0,0.0,0.0,0.0,0.0,0.0,0.0,195.1103012,215.2853785,237.3544046,254.300933,281.294678,0.001013724,0.001013724,0.001003432,0.214420608,0.677640957,0.678865658
13016,296,0.0,399,1873.0,2015.0,5950991249.0,,0.956873315,0.016172507,0.0,0.005390836,0.0,0.0,0.0,240.8379708,259.6594216,279.5121163,300.5261356,324.3127675,0.004380835,0.005580025,0.005970856,0.586862977,0.59265052,0.630454909
13017,221,0.0,309,1884.0,2015.0,4716739600.0,,0.954385965,0.01754386,0.0,0.007017544,0.0,0.0,0.0,244.7887544,262.6994823,281.4030207,301.9121018,324.8695844,0.004306332,0.005759987,0.006208637,0.616585265,0.58655957,0.627769419
13025,76,0.0,97,1970.0,2015.0,931944000.0,0.516570727,0.91954023,0.034482759,0.0,0.011494253,0.0,0.0,0.0,266.0679421,281.6617274,298.8041736,316.6382308,336.8835523,0.005295087,0.008118967,0.008814344,0.723799976,0.719982254,0.763262641
14001,8,2371.54,10,1916.0,2005.0,504834000.0,,0.666666667,0.166666667,0.0,0.0,0.083333333,0.0,0.0,472.9794992,525.9710978,582.30299,662.9235922,737.6243251,0.001588667,0.011070073,0.013620035,0.334712876,0.329744498,0.365818366
14003,14,6801.833,13,1954.0,2012.0,1089009615.0,0.298841667,0.692307692,0.076923077,0.0,0.0,0.0,0.0,0.0,159.7260162,177.9802892,205.0545001,235.0896778,277.2232251,0.000463397,0.000559937,0.00143846,0.438952338,0.452950774,0.462141471
14004,1,418.0,2,1969.0,2000.0,3401000.0,,1.0,0.0,0.0,0.0,0.0,0.0,0.0,182.5970633,192.8118078,211.5092125,230.1138713,247.2067707,0.000607192,0.000607192,0.00063303,0.265795066,0.270471737,0.290405721
14005,0,0.0,0,,,0.0,,,,,,,,,61.41737208,62.33505994,64.42870986,72.19648549,75.06478646,0.0,0.0,0.000820345,0.039106836,0.041871285,0.041725196
14008,0,0.0,0,,,0.0,0.0,,,,,,,,152.5798007,164.2361089,174.7569708,189.5386213,207.036647,0.000546935,0.000546935,0.000535658,0.255959899,0.27921309,0.28343633
14009,2,1994.9927,2,15.0,15.0,13551818.6,,0.5,0.0,0.0,0.0,0.0,0.0,0.0,168.3097949,190.2096025,207.0961147,254.532198,260.8122232,0.0,0.0,0.001819652,0.370265534,0.420777733,0.444669093
14011,5,1104.72,6,1971.0,1989.0,16134000.0,,0.555555556,0.0,0.0,0.0,0.111111111,0.0,0.0,142.3616258,163.5955292,175.1834639,197.2044771,222.2592507,0.001628091,0.003300185,0.004620259,0.190640676,0.141907947,0.155878729
14012,8,0.0,12,1976.0,2007.0,42790000.0,0.039180604,1.0,0.0,0.0,0.0,0.0,0.0,0.0,154.8680058,162.6479154,187.3060186,203.7704305,221.6208906,0.0,0.0,0.0,0.27964252,0.326897496,0.327762782
14014,5,0.0,6,1976.0,2010.0,36462000.0,0.032809926,0.75,0.125,0.0,0.0,0.0,0.0,0.0,126.5631546,146.7427511,168.9362671,193.604734,219.9292551,0.000218103,0.000334424,0.000319884,0.487953471,0.526179571,0.546143221
14015,2,145159.0,2,1973.0,2000.0,150033000.0,,0.666666667,0.333333333,0.0,0.0,0.0,0.0,0.0,125.1794978,153.5448118,171.7812217,170.489067,177.0603582,0.0,0.0,0.0,0.124372647,0.124372647,0.125313676
15001,0,0.0,0,,,0.0,0.0,,,,,,,,238.7918312,242.4456477,250.9811208,260.0455665,243.5919894,0.00328131,0.024292726,0.059160095,0.174364418,0.155683009,0.180251475
15003,4,4909.0,0,,,0.0,,,,,,,,,206.0801242,246.8208084,280.7822554,302.8702787,330.9377747,0.004508519,0.00578768,0.00576671,0.155019659,0.162034076,0.087454784
15005,7,72981.0,0,,,0.0,,,,,,,,,164.6496252,166.9833629,172.8316043,186.5554519,199.8913027,0.003784281,0.005995489,0.006648463,0.000860738,0.000860738,0.000823638
15006,0,0.0,6,1957.0,1971.0,883470000.0,0.472948359,0.4,0.6,0.0,0.0,0.0,0.0,0.0,85.54822816,89.62284767,88.38920272,84.09441333,73.62725081,0.0,0.004430924,0.008828781,0.15309834,0.130646121,0.130778388
15007,0,0.0,0,,,0.0,0.0,,,,,,,,655.8707976,640.5078473,647.1937937,609.3512995,635.4949919,0.014728015,0.025317136,0.031229843,0.012058339,0.012058339,0.010087436
15008,0,0.0,0,,,0.0,0.0,,,,,,,,179.8830998,189.3325011,191.0921042,204.1184316,221.0936051,0.003786317,0.012243829,0.021796905,0.05252386,0.038919605,0.036180696
15009,0,0.0,0,,,0.0,0.0,,,,,,,,158.7978072,160.842223,173.6482611,164.0305492,162.309488,0.005153574,0.011709704,0.022897527,0.021919,0.01268823,0.011753194
15010,4,2045.28,0,,,0.0,0.0,,,,,,,,109.7983954,107.98335,105.7922184,115.2605277,116.0501849,0.001626613,0.007048658,0.009217476,0.217703851,0.119617309,0.119354952
15011,0,0.0,4,1988.0,2009.0,1200896037.0,0.622064522,0.25,0.75,0.0,0.0,0.0,0.0,0.0,358.3203199,370.0166863,397.9685627,382.600819,355.8515799,0.0,0.002192926,0.002296122,0.024122185,0.024122185,0.024122185
15012,0,0.0,0,,,0.0,0.0,,,,,,,,643.7281713,648.3856359,653.0606867,629.3399887,625.4234518,0.022295028,0.022376596,0.033605677,0.000829266,0.000829266,0.00303158
15013,0,0.0,0,,,0.0,0.0,,,,,,,,830.6066921,879.9559468,930.142553,1001.340027,1099.686859,0.002391925,0.002391925,0.002391925,0.035766167,0.035753644,0.033499474
15014,0,0.0,0,,,0.0,0.0,,,,,,,,514.0396968,514.4713731,521.5616714,518.5376493,521.6040111,0.008884168,0.008948546,0.014098788,0.011652423,0.011716801,0.008755412
15016,11,8548.0,12,1956.0,2007.0,754340400.0,0.147644606,0.4,0.2,0.0,0.16,0.0,0.12,0.0,666.3022965,719.6994602,771.5767672,810.0262464,842.4517701,0.005844055,0.008129088,0.010634652,0.233714681,0.236815677,0.2072222
15017,3,33.75,4,1965.0,1966.0,101935000.0,0.023269902,,,,,,,,400.4536701,419.7996136,444.8037381,455.9660477,473.8569431,0.002814634,0.002741463,0.002726829,0.017458537,0.017604878,0.01684878
15018,6,1208.42,8,1906.0,1976.0,383313762.8,2.98666489,0.571428571,0.428571429,0.0,0.0,0.0,0.0,0.0,616.6822951,648.3106552,718.7963221,675.4942951,730.6567075,0.005868703,0.005868703,0.005612369,0.076832789,0.076832789,0.076239173
15019,9,1187.82,11,1966.0,2005.0,967473000.0,0.25704452,0.090909091,0.909090909,0.0,0.0,0.0,0.0,0.0,357.828447,349.6473108,341.3255909,337.9192296,333.3756164,0.007702477,0.013038675,0.017741049,0.004611828,0.004611828,0.004563536
15020,6,0.0,7,1956.0,2007.0,582030000.0,0.749927829,0.3125,0.3125,0.0,0.125,0.0,0.125,0.0,602.2759083,661.6530848,728.4660915,779.3517051,826.7089909,0.0113087,0.016079225,0.020963334,0.302509495,0.310552657,0.228573457
15021,15,4343.13,17,1895.0,1997.0,9434292000.0,1.349736228,0.208333333,0.666666667,0.0,0.0,0.041666667,0.0,0.041666667,203.6846797,199.7984247,195.2711217,193.2610396,195.8014442,0.002112237,0.002114637,0.002131439,0.004634919,0.004634919,0.004610916
15022,1,433.0,1,1986.0,1986.0,524000000.0,0.367663754,0.25,0.25,0.0,0.0,0.0,0.25,0.0,371.1758764,378.5642635,386.4015105,390.5187436,399.6149227,0.022253231,0.033147278,0.041446338,0.007972647,0.007972647,0.007442225
15023,0,0.0,1,1979.0,1979.0,97500000.0,0.025819032,1.0,0.0,0.0,0.0,0.0,0.0,0.0,235.1830482,248.4445971,263.6528334,234.8814433,208.2188549,0.008406328,0.01213112,0.011991789,0.022404488,0.012892798,0.014917748
15024,1,0.0,1,1983.0,1983.0,70872400.0,0.040568296,1.0,0.0,0.0,0.0,0.0,0.0,0.0,521.8103748,553.7417026,583.7043517,631.1976865,681.6993054,0.0,0.0,0.0,0.076552549,0.076541773,0.075862886
15026,2,499.13,2,1976.0,1994.0,2033600000.0,0.41058919,0.25,0.5,0.0,0.0,0.0,0.25,0.0,580.0481953,599.3029742,614.9850696,625.3664046,631.0117358,0.022459161,0.022694159,0.03032826,0.041896909,0.040157919,0.038022788
15030,0,0.0,0,,,0.0,0.0,,,,,,,,288.6485781,290.4832513,290.5630686,278.9079202,277.5879745,0.03371267,0.062424271,0.065691003,0.033011808,0.030077689,0.031621962
15031,2,0.0,1,1895.0,1895.0,443230000.0,2.696234547,0.5,0.5,0.0,0.0,0.0,0.0,0.0,85.68725401,85.63155519,78.12292243,90.51175971,93.95211628,0.0,0.0,0.0,0.0,0.0,0.0
15032,0,0.0,0,,,0.0,0.0,,,,,,,,116.1292208,115.2108683,114.878448,123.5241406,128.7234757,0.006523248,0.006523248,0.006689799,0.350284525,0.341068702,0.344594032
16001,2,2627.0,5,1980.0,1982.0,147340000.0,0.222663272,1.0,0.0,0.0,0.0,0.0,0.0,0.0,240.4832262,253.0101075,261.8875202,282.1633006,299.429253,0.002822845,0.002822845,0.00277564,0.439745472,0.431645133,0.415897622
16004,3,0.0,3,1983.0,1998.0,217560000.0,0.07700407,1.0,0.0,0.0,0.0,0.0,0.0,0.0,87.59996665,95.52229943,103.0783328,110.0282614,117.4894397,0.000470833,0.000540744,0.000657739,0.200801557,0.285227555,0.328949358
16007,4,0.0,6,1974.0,2000.0,228410000.0,0.082560507,1.0,0.0,0.0,0.0,0.0,0.0,0.0,93.22213992,101.2558469,109.4676776,116.533023,123.8251007,0.000787646,0.000848907,0.00097518,0.225858034,0.303437386,0.347979376
16012,11,9938.53,15,1894.0,2003.0,237814000.0,0.102040912,0.555555556,0.0,0.0,0.222222222,0.0,0.037037037,0.037037037,232.389977,245.9960887,260.7295594,277.2467489,294.5940933,0.003160898,0.003160898,0.003648603,0.432025151,0.456400535,0.465956737
16014,5,3875.0,8,1908.0,2007.0,419497000.0,0.167823821,0.857142857,0.142857143,0.0,0.0,0.0,0.0,0.0,224.4014931,232.3137771,240.7186581,251.1010334,261.8554061,0.003308286,0.00379264,0.004065499,0.459702791,0.485574052,0.492208158
17001,0,0.0,0,,,0.0,0.0,,,,,,,,173.3616623,187.7767281,223.8707626,228.8966885,250.164699,0.0,0.0,0.0,0.147141962,0.215261436,0.253804915
17003,0,0.0,0,,,0.0,0.0,,,,,,,,354.8484963,376.4979627,395.6694122,419.3576004,440.6753981,0.005829851,0.005829851,0.005991791,0.651062266,0.662152062,0.635824307
17005,3,908.264,8,1997.0,2009.0,45513710.0,0.211165803,1.0,0.0,0.0,0.0,0.0,0.0,0.0,397.5182364,424.5935278,456.5178984,489.4046305,524.6760404,0.009322555,0.009322555,0.009414562,0.564542241,0.567062987,0.55422528
17006,2,315.54,5,1940.0,1996.0,27011000.0,0.04737837,0.833333333,0.0,0.0,0.0,0.0,0.0,0.0,904.2941543,1026.869339,1205.734017,1417.503827,1669.526829,0.059359515,0.066554137,0.081106542,0.515639173,0.588958664,0.481625938
17007,0,0.0,7,1976.0,2004.0,33724237.05,0.789358228,1.0,0.0,0.0,0.0,0.0,0.0,0.0,426.2218934,450.07905,474.175522,502.7314281,530.212303,0.004790597,0.007980919,0.019901172,0.245299515,0.334613212,0.525061161
17009,5,5071.52,5,1923.0,1993.0,122720195.8,0.358417591,0.833333333,0.0,0.0,0.0,0.0,0.0,0.166666667,297.7224023,316.5913941,335.8692572,358.7403902,382.0985339,0.004887575,0.004887575,0.005001143,0.542285346,0.570191196,0.585978519
17011,7,12001.0,11,1942.0,2003.0,911266500.0,1.632550877,0.583333333,0.333333333,0.0,0.0,0.0,0.0,0.0,448.1105154,477.3929639,509.472717,542.0845836,577.8501117,0.00852953,0.014316974,0.023132928,0.135002454,0.323599841,0.358596187
17012,4,332.285,10,1922.0,2011.0,58591416.28,0.201011904,0.545454545,0.0,0.0,0.0,0.0,0.0,0.0,365.3979357,384.4559185,406.355764,428.6518419,454.5468094,0.01187945,0.012229694,0.016877637,0.347693335,0.346362408,0.340589564
17015,6,2317.0,12,1958.0,2009.0,216136110.0,2.076278249,0.538461538,0.461538462,0.0,0.0,0.0,0.0,0.0,490.2623037,522.8583063,557.5193041,606.6828351,651.8291807,0.007740153,0.013205908,0.017747849,0.2905094,0.229129781,0.413561722
17019,4,0.0,6,1958.0,2004.0,18506430.0,0.031660333,0.166666667,0.833333333,0.0,0.0,0.0,0.0,0.0,451.0349791,478.1910774,506.3751752,539.7448285,569.5236972,0.008565373,0.011978367,0.017152671,0.25983337,0.163136739,0.348278886
17022,7,2343.0,12,1940.0,2007.0,333259000.0,1.030649478,0.705882353,0.058823529,0.0,0.058823529,0.0,0.0,0.117647059,588.130591,657.1406525,752.6913089,864.8163196,997.9531362,0.028910909,0.032083734,0.038578431,0.527578049,0.559911908,0.509551881
17024,7,0.0,12,1940.0,2007.0,333259000.0,0.942509497,0.705882353,0.058823529,0.0,0.058823529,0.0,0.0,0.117647059,574.8157178,638.4783128,726.1523184,829.2719764,951.1120338,0.026404193,0.029153424,0.034850804,0.547617952,0.575635017,0.53060152
