gauge_id,soil_depth,soil_conductivity_top,soil_conductivity_sub,soil_awc_top,soil_awc_sub,soil_awsc_min,soil_awsc_max,soil_awsc_major,sand_frac_top,sand_frac_sub,silt_frac_top,silt_frac_sub,clay_frac_top,clay_frac_sub,gravel_frac_top,gravel_frac_sub,bulkdens_top_major,bulkdense_top_mean,bulkdens_sub_major,bulkdens_sub_mean,org_carb_top_major,org_carb_top_mean,org_carb_sub_major,org_carb_sub_mean,organic_frac_top,organic_frac_sub,hsg_major,wtd
3002,1.230545152,11.61800458,4.103030655,0.228572654,0.23985179,150,150,150,79,68,11,10,10,22,7,4,1.59,1.59,1.45,1.45,0.53,0.53,0.3,0.3,0.022702837,0.009654721,C/D,-0.895145957
3005,3.750493971,6.795325139,2.955743283,0.19661467,0.195693625,25,150,125,16,15,29,28,55,57,4,5,1.21,1.273247911,1.21,1.218816101,0.75,0.956512535,0.45,0.320389972,0.020041878,0.007881991,D,-0.098990671
3008,2.611732908,8.152887028,3.780944487,0.197109513,0.194444501,25,150,125,16,15,29,28,55,57,4,5,1.21,1.25834891,1.21,1.232137931,0.75,0.874087227,0.45,0.409426791,0.016114092,0.00723606,D,-0.091358628
3009,1.435415868,10.80440007,4.368577098,0.204403291,0.205039382,125,150,125,21,18,28,28,51,54,5,5,1.23,1.220277778,1.22,1.215138889,0.97,0.863055556,0.45,0.45,0.01703139,0.008369872,C,-1.220475747
3013,4.385316456,8.3316246,3.67640341,0.213247774,0.21100175,125,150,150,47,39,29,27,24,34,9,8,1.39,1.377636364,1.33,1.321272727,0.86,0.884727273,0.38,0.398181818,0.021743015,0.008641142,D,-1.363499504
3014,1.955931662,5.83445953,2.754328894,0.195200393,0.187543885,25,125,125,16,15,29,28,55,57,4,5,1.21,1.255780347,1.21,1.212706767,0.75,0.946069364,0.45,0.345953757,0.016045611,0.006413868,D,-0.541485631
3017,1.174319066,11.77083012,3.996230286,0.228418916,0.237775545,150,150,150,79,68,11,10,10,22,7,4,1.59,1.59,1.45,1.45,0.53,0.53,0.3,0.3,0.022231584,0.009198221,C/D,-3.087911394
3018,1.780813927,12.11851305,4.176134565,0.234406933,0.24469977,25,150,150,79,68,11,10,10,22,7,4,1.59,1.557483871,1.45,1.440452962,0.53,0.614193548,0.3,0.275548387,0.025245705,0.010628702,C,-0.358396832
3019,1.334456613,12.48132708,4.86601617,0.206575356,0.21052653,125,150,150,21,18,28,28,51,54,5,5,1.23,1.225223881,1.22,1.21761194,0.97,0.917462687,0.45,0.45,0.017601217,0.008326878,C,-1.365900681
3020,1.804956014,8.527885281,3.66008193,0.21159166,0.215844699,50,150,125,16,15,29,28,55,57,4,5,1.21,1.247988722,1.21,1.243731203,0.75,0.907349624,0.45,0.468552632,0.017827406,0.008599711,D,-0.166479169
3024,1.690381332,11.76739454,5.066202338,0.217933247,0.219641942,125,150,125,20,20,24,22,56,58,2,4,1.22,1.232830189,1.21,1.219056604,1.2,1.174339623,0.63,0.611132075,0.017835257,0.007467895,C/D,-2.193312257
3028,2.200939457,7.110031245,3.303502394,0.194915225,0.188592921,25,150,125,16,15,29,28,55,57,4,5,1.21,1.250043541,1.21,1.211970803,0.75,0.922249637,0.45,0.368011611,0.015299102,0.006448727,D,-0.148245618
3029,1.78638492,8.566849488,3.691248425,0.210827734,0.214799173,50,150,125,16,15,29,28,55,57,4,5,1.21,1.245476603,1.21,1.241325823,0.75,0.900034662,0.45,0.467105719,0.017700682,0.008580069,D,-0.150406271
3030,1.743386859,6.685943174,3.071089135,0.195612705,0.18785631,25,150,125,16,15,29,28,55,57,4,5,1.21,1.240422535,1.21,1.212772277,0.75,0.868760563,0.45,0.383295775,0.014869009,0.006238748,D,-0.292845741
3031,2.030496532,13.29492581,4.415606574,0.238609529,0.249355079,150,150,150,79,69,7,10,12,23,10,10,1.56,1.546929134,1.44,1.428385827,0.53,0.578070866,0.26,0.294724409,0.025360862,0.00954588,C,-0.897086864
3038,1.450296398,6.583948882,3.42375458,0.197464273,0.196987073,125,150,125,16,15,29,28,55,57,4,5,1.21,1.212580645,1.21,1.211290323,0.75,0.778387097,0.45,0.45,0.016639052,0.009856686,D,-0.978706253
3040,1.802849741,6.589595868,2.670101024,0.191409419,0.184475753,25,125,125,16,15,29,28,55,57,4,5,1.21,1.213302752,1.21,1.21,0.75,0.761926606,0.45,0.441743119,0.019469641,0.007678467,D,-0.791065859
3043,3.825011559,10.42260393,4.123374857,0.213331058,0.216743394,25,150,125,16,15,29,28,55,57,4,5,1.21,1.326664124,1.21,1.282099436,0.75,0.862783436,0.45,0.384226559,0.020626613,0.009128968,C,-0.025106612
3045,2.806883519,14.75410996,4.990978209,0.247452651,0.262699952,125,150,150,79,69,7,10,12,23,10,10,1.56,1.570373027,1.44,1.449268293,0.53,0.51954089,0.26,0.27615495,0.030244353,0.012376322,C,-0.588009304
3047,1.235634959,12.44982911,4.216971963,0.227862195,0.234266143,150,150,150,79,68,11,10,10,22,7,4,1.59,1.541724138,1.45,1.421034483,0.53,0.609655172,0.3,0.319310345,0.02236233,0.009122186,C,-1.174853495
3048,1.736550038,5.965686731,2.33068551,0.19029348,0.184216555,25,125,125,16,15,29,28,55,57,4,5,1.21,1.234080268,1.21,1.21,0.75,0.836956522,0.45,0.389799331,0.021808495,0.008053358,D,-0.430109572
3055,2.945181965,10.82044303,4.374306931,0.209242895,0.211747138,50,150,125,16,15,29,28,55,57,4,5,1.21,1.249066013,1.21,1.237665033,0.75,0.871333142,0.45,0.460622133,0.017196305,0.008337123,C,-0.057915961
3056,1.73822563,7.452358873,3.595720421,0.193415568,0.192070384,125,150,125,16,15,29,28,55,57,4,5,1.21,1.217733333,1.21,1.215066667,0.75,0.760266667,0.45,0.4472,0.015117644,0.007502273,D,-0.972945362
3057,1.857637372,11.9385006,4.185650408,0.235973486,0.246535615,25,150,150,79,68,11,10,10,22,7,4,1.59,1.550120337,1.45,1.443849315,0.53,0.646823105,0.3,0.259518652,0.02639274,0.011426289,C,-0.319128697
3064,2.001569038,5.997439876,3.070005572,0.19304477,0.186937477,25,125,125,16,15,29,28,55,57,4,5,1.21,1.289875,1.21,1.21,0.75,1.0384375,0.45,0.2503125,0.016781297,0.006429012,D,-0.428470236
3068,1.648511577,14.35057105,4.819316521,0.247992395,0.263294941,150,150,150,81,69,7,8,12,23,10,10,1.56,1.561111111,1.44,1.44031746,0.53,0.533809524,0.26,0.267301587,0.028349158,0.010305934,C,-2.427643531
3069,1.190247453,9.749212057,4.183846899,0.219740171,0.230088079,125,150,150,39,43,38,35,23,22,7,3,1.38,1.313802083,1.4,1.321979167,1.83,1.320208333,0.64,0.541302083,0.020621533,0.009649933,C,-0.829498112
3071,2.518205367,11.03869382,3.968048901,0.233300202,0.24277354,25,150,150,79,68,11,10,10,22,7,4,1.59,1.519091586,1.45,1.432788921,0.53,0.756634401,0.3,0.244951601,0.027225282,0.011849321,D,-0.204215986
3072,2.7122133,5.904816566,2.544215792,0.193136605,0.188628166,25,150,125,16,15,29,28,55,57,4,5,1.21,1.263106181,1.21,1.217675393,0.75,0.90951664,0.45,0.337083994,0.019844708,0.007617778,D,-0.140651446
3073,3.627062876,9.742901882,3.968127711,0.209120768,0.211048165,25,150,125,16,15,29,28,55,57,4,5,1.21,1.304661597,1.21,1.265220633,0.75,0.88390503,0.45,0.392079358,0.019460909,0.008718803,D,-0.025312832
3074,1.871447847,8.582085447,4.021389217,0.198268881,0.19801421,100,150,125,16,15,29,28,55,57,4,5,1.21,1.265,1.21,1.246578947,0.75,0.789078947,0.45,0.428815789,0.016512838,0.007974303,C,-0.245576935
3075,3.807952422,10.42769776,4.120596253,0.213633735,0.217119196,25,150,125,16,15,29,28,55,57,4,5,1.21,1.328181129,1.21,1.283239987,0.75,0.860590071,0.45,0.383430733,0.020761731,0.009177322,C,-0.02547508
3076,1.924723757,17.37066548,6.156679963,0.243813043,0.257827794,150,150,150,79,70,10,10,11,20,4,8,1.57,1.574390244,1.46,1.455365854,0.5,0.51097561,0.28,0.283414634,0.028005886,0.010865542,C,-4.174546375
3079,1.722077922,7.753627295,3.871782586,0.202763936,0.203407851,125,150,125,16,15,29,28,55,57,4,5,1.21,1.223184358,1.21,1.218212291,0.75,0.794040968,0.45,0.446219739,0.015711841,0.008104897,D,-0.318779202
3081,1.32348136,6.813742184,2.582263023,0.206548842,0.206672624,25,150,125,16,15,29,28,55,57,4,5,1.21,1.323544974,1.21,1.263129771,0.75,0.915714286,0.45,0.288888889,0.024330771,0.009694576,D,-0.880409566
3082,1.617858654,8.342547513,3.741220288,0.194116967,0.199066041,25,125,25,43,0,34,0,23,0,26,0,1.39,1.310909091,1.21,1.21,1.4,1.114393939,0.0,0.197727273,0.017432468,0.007227261,D,-0.793666436
3083,1.264659768,5.106770043,2.488628819,0.196146111,0.194749356,25,150,125,16,15,29,28,55,57,4,5,1.21,1.256292135,1.21,1.2125,0.75,0.945393258,0.45,0.343820225,0.01877639,0.007037848,D,-1.314728829
3085,1.850349317,9.844009692,3.523026566,0.210097014,0.213576297,125,150,125,16,15,29,28,55,57,4,5,1.21,1.210687679,1.21,1.21034384,0.75,0.75756447,0.45,0.45,0.016518198,0.009385753,D,-0.352967006
3087,2.848137054,8.217030005,3.788738734,0.197385023,0.194808969,25,150,125,16,15,29,28,55,57,4,5,1.21,1.257875303,1.21,1.231923848,0.75,0.882124697,0.45,0.414794189,0.016207238,0.007244672,D,-0.089058528
3089,1.475247525,7.904328928,3.185442911,0.203624636,0.20966904,25,125,125,16,15,29,28,55,57,4,5,1.21,1.292857143,1.21,1.21,0.75,1.049206349,0.45,0.242857143,0.021157431,0.009283881,D,-0.95850673
3091,2.954187192,18.10784121,5.681267785,0.233279252,0.244769282,125,150,150,47,39,29,27,24,34,9,8,1.39,1.357758621,1.33,1.307241379,0.86,0.924482759,0.38,0.427413793,0.024296514,0.009216785,C,-2.104555606
3092,1.301015551,13.43006072,4.495034882,0.246364692,0.26121909,150,150,150,79,69,7,10,11,20,4,8,1.56,1.572102273,1.44,1.45,0.53,0.519261364,0.26,0.278522727,0.028214021,0.011465124,C,-1.197269249
3094,1.779910109,5.072308334,2.651424441,0.193927212,0.189778314,25,150,125,16,15,29,28,55,57,4,5,1.21,1.266844784,1.21,1.211355311,0.75,0.969185751,0.45,0.31259542,0.018798166,0.007192976,D,-0.406576348
3098,2.402783901,14.27881004,5.37666665,0.216173651,0.218619374,25,150,150,47,39,29,27,24,34,9,8,1.39,1.363935927,1.33,1.310811456,0.86,0.934370709,0.38,0.402677346,0.019341284,0.009899546,C,-0.441353077
3099,1.240196078,11.57524295,4.230555624,0.229288463,0.238473139,150,150,150,79,68,11,10,10,22,7,4,1.59,1.59,1.45,1.45,0.53,0.53,0.3,0.3,0.02325741,0.010320706,C,-1.173605479
3103,4.12252935,7.599471568,3.388028651,0.198215357,0.196653846,25,150,125,16,15,29,28,55,57,4,5,1.21,1.271360726,1.21,1.232159425,0.75,0.925813767,0.45,0.375133404,0.018470847,0.00766684,D,-0.048984764
3105,1.132556131,12.78736796,4.484142017,0.237080409,0.248037508,150,150,150,79,70,10,10,11,20,4,8,1.57,1.576060606,1.46,1.456969697,0.5,0.509090909,0.28,0.286060606,0.02485234,0.009485998,C,-2.55718144
3107,1.575317604,7.827585108,3.237537249,0.2142846,0.221272841,25,150,25,43,0,34,0,23,0,26,0,1.39,1.389,1.21,1.320769231,1.4,1.237166667,0.0,0.0825,0.024923461,0.009343898,D,-1.2737393
3109,1.80952309,8.503600413,3.795153495,0.207602723,0.21011685,50,150,125,16,15,29,28,55,57,4,5,1.21,1.237707317,1.21,1.233051491,0.75,0.858163155,0.45,0.457579687,0.016974237,0.008358316,D,-0.103712217
3110,1.612469261,7.616010062,3.750251934,0.20261138,0.20196972,125,150,125,16,15,29,28,55,57,4,5,1.21,1.213589744,1.21,1.211794872,0.75,0.789487179,0.45,0.45,0.015205192,0.007764055,D,-0.523922073
4003,1.266406932,11.37536734,4.119745645,0.239529851,0.257178395,25,150,150,16,15,29,28,23,57,4,5,1.21,1.314251781,1.21,1.284028777,0.75,1.107149644,0.45,0.46807601,0.02710344,0.012031493,C,-0.681495653
4004,2.764856111,20.32526208,6.886243648,0.228549104,0.244806958,25,150,150,47,39,29,27,24,34,9,8,1.39,1.330994599,1.33,1.283245125,0.86,0.871169409,0.38,0.418172521,0.02492548,0.012383281,C,-0.228952353
4005,1.334775374,16.25486059,5.808781726,0.234777029,0.254369238,125,150,150,47,39,29,27,24,34,9,8,1.39,1.384823529,1.33,1.323411765,0.86,0.823176471,0.38,0.384823529,0.020118952,0.009177206,C,-2.91296478
4006,1.290580495,15.11528292,4.238855304,0.233559976,0.245957928,50,150,150,47,39,29,27,24,34,9,5,1.39,1.345343284,1.33,1.293522388,0.86,0.768776119,0.38,0.403522388,0.025902745,0.013720375,D,-0.829509088
4007,1.650211155,18.22836223,6.366689814,0.215834474,0.227148136,125,150,150,47,39,29,27,24,34,9,8,1.39,1.382919897,1.33,1.325142119,0.86,0.864702842,0.38,0.385684755,0.019719107,0.009596736,C,-0.429925164
4012,1.445054945,19.06470863,6.987673066,0.218345741,0.23013979,150,150,150,47,39,29,27,24,34,9,8,1.39,1.39,1.33,1.33,0.86,0.86,0.38,0.38,0.023121201,0.009884877,C,-1.803429561
4013,1.606636966,12.71882132,4.290598709,0.247566618,0.265903031,50,150,150,47,38,28,27,23,39,10,5,1.4,1.382540984,1.31,1.307540984,0.58,0.798565574,0.4,0.400942623,0.02943562,0.013112244,D,-0.843070901
4015,1.144425044,11.90043098,3.767073789,0.26197518,0.280156527,50,150,150,49,38,28,23,23,39,10,5,1.4,1.39982906,1.31,1.31034188,0.58,0.791623932,0.4,0.403418803,0.041121199,0.01766923,D,-3.083418949
4016,1.227828054,11.59437163,3.766083569,0.257144755,0.276399705,50,150,150,49,38,28,23,23,39,10,5,1.4,1.399919679,1.31,1.310160643,0.58,0.834056225,0.4,0.404417671,0.037820552,0.016345349,D,-1.40707022
4017,1.903220887,15.78555843,4.849994583,0.232927947,0.248691903,25,150,125,16,15,29,28,55,57,4,5,1.21,1.292251908,1.21,1.261360656,0.75,0.943762268,0.45,0.460594329,0.02443976,0.011784672,C,-0.203462333
4018,1.470071159,12.91277103,4.143441955,0.210635377,0.216964714,125,150,125,16,15,29,28,55,57,4,5,1.21,1.216268657,1.21,1.213134328,0.75,0.818955224,0.45,0.45,0.016784797,0.010348981,C,-1.19856941
4019,2.255400803,13.55695721,4.510422395,0.222654298,0.233170891,25,150,125,16,15,29,28,55,57,4,5,1.21,1.267014993,1.21,1.249544513,0.75,0.944593367,0.45,0.469404816,0.021821458,0.010628584,C,-0.078162513
4021,1.188832643,9.284103568,3.356223989,0.246501279,0.262984283,125,150,150,44,35,33,24,23,41,11,26,1.39,1.368324324,1.29,1.31715847,0.99,1.237675676,0.38,0.466,0.032554405,0.014213926,D,-1.638493735
4022,2.620416408,18.32003718,6.143277726,0.232681388,0.243440031,25,150,150,47,39,29,27,24,34,9,8,1.39,1.362485876,1.33,1.307988506,0.86,0.902881356,0.38,0.416864407,0.024141495,0.009918065,C,-0.563619954
4023,1.430228063,17.03388819,5.477264171,0.237727365,0.259455945,150,150,150,47,39,29,27,24,34,9,8,1.39,1.392638889,1.33,1.324722222,0.86,0.786111111,0.38,0.385277778,0.021908009,0.011335367,C,-2.13767012
4024,1.315151515,16.78318563,5.276037651,0.224936066,0.235560344,125,125,125,16,15,29,28,55,57,4,5,1.21,1.21,1.21,1.21,0.75,0.75,0.45,0.45,0.018114877,0.009180578,C,-1.438827615
4025,1.266533066,10.80782817,3.534095178,0.242905824,0.262917681,50,150,150,49,38,28,23,23,39,10,5,1.4,1.397428571,1.31,1.315142857,0.58,0.675571429,0.4,0.395285714,0.023068262,0.011831387,D,-2.295167761
4026,1.272015127,11.74555545,4.124333637,0.240472123,0.257991252,25,150,150,16,15,29,28,23,57,4,5,1.21,1.317015209,1.21,1.281609195,0.75,1.083802281,0.45,0.459467681,0.027519687,0.012168312,C,-0.572532904
4028,1.543851053,18.05598913,6.316664983,0.238719,0.252084011,125,150,125,47,39,29,27,24,34,9,8,1.39,1.307833333,1.33,1.272,0.86,1.024333333,0.38,0.500833333,0.024691565,0.010066972,C,-2.663063073
4030,1.461598365,13.74687158,4.469385267,0.211814588,0.215454674,125,150,125,16,15,29,28,55,57,4,5,1.21,1.217708333,1.21,1.213854167,0.75,0.834791667,0.45,0.45,0.018402615,0.009471083,C,-0.414922571
4031,2.573852437,20.41107368,6.919908615,0.229035171,0.245526525,25,150,150,47,39,29,27,24,34,9,8,1.39,1.334925443,1.33,1.285923965,0.86,0.859668661,0.38,0.410763921,0.024903795,0.012319213,C,-0.240955296
4032,1.358484559,10.55761495,3.386839858,0.240848335,0.258470787,125,150,150,47,39,29,27,24,34,9,5,1.39,1.35871345,1.33,1.29994152,0.86,0.742163743,0.38,0.400409357,0.022051949,0.00987879,D,-0.801215125
4038,1.460118141,10.16387464,4.205203405,0.224316496,0.23603076,25,150,125,16,15,29,28,55,57,4,5,1.21,1.324457516,1.21,1.31175583,0.75,1.103908497,0.45,0.466496732,0.022081086,0.010017905,C,-0.328307196
4039,1.242708055,11.57045847,3.351647221,0.238936958,0.246534762,125,150,150,47,39,29,27,24,34,9,8,1.39,1.36631068,1.33,1.307475728,0.86,0.773300971,0.38,0.395242718,0.026823064,0.014891666,D,-1.34117254
4040,2.355578728,22.29030493,7.774912798,0.237911711,0.254364855,25,150,150,47,39,29,27,24,34,9,8,1.39,1.363283859,1.33,1.302219075,0.86,0.798778281,0.38,0.38638914,0.025875845,0.012009384,C,-0.405687031
4041,1.389128273,20.18988068,6.619334471,0.23162414,0.24054021,150,150,150,47,39,29,27,24,34,9,8,1.39,1.39,1.33,1.33,0.86,0.86,0.38,0.38,0.027076419,0.01231412,C,-1.253710202
4044,1.142027864,8.495622193,3.583928131,0.236038565,0.249035578,125,150,150,39,43,38,35,23,22,7,3,1.38,1.336933333,1.4,1.351866667,1.83,1.5564,0.64,0.591866667,0.026812056,0.010932692,D,-3.038940836
4047,1.442852024,11.52386035,3.757143359,0.246701217,0.264031451,50,125,50,47,36,30,27,23,37,35,19,1.4,1.3525,1.31,1.285,1.13,1.035,0.41,0.42,0.028571584,0.012739518,D,-2.117682707
4048,1.233549959,11.67072593,3.748945778,0.246554531,0.263456025,50,150,50,47,36,30,27,23,37,35,19,1.4,1.372608696,1.31,1.326956522,1.13,1.304492754,0.41,0.486376812,0.031943954,0.014290031,D,-2.105146473
4049,1.266371364,10.92265809,4.407649723,0.222498005,0.236415895,25,150,125,16,15,29,28,55,57,4,5,1.21,1.280695652,1.21,1.260721649,0.75,1.086521739,0.45,0.416478261,0.020845066,0.009715433,C,-0.636692686
4050,1.206024096,9.895606823,3.21416356,0.26011231,0.282396799,50,150,50,47,36,30,27,23,37,35,19,1.4,1.4,1.31,1.31,1.13,1.001666667,0.41,0.407666667,0.041197954,0.017897477,D,-1.722064363
4051,1.295755968,17.12452747,5.190544917,0.222631118,0.231328564,125,125,125,16,15,29,28,55,57,4,5,1.21,1.21,1.21,1.21,0.75,0.75,0.45,0.45,0.017764321,0.009316858,C,-2.111096879
4054,1.422494646,11.351505,4.312971106,0.221738641,0.232931796,25,150,125,16,15,29,28,55,57,4,5,1.21,1.289895105,1.21,1.278221815,0.75,1.012141608,0.45,0.45875,0.020723072,0.00980765,C,-0.215130481
4055,1.413480885,17.52558095,5.527098018,0.226650051,0.237698131,125,125,125,16,15,29,28,55,57,4,5,1.21,1.213170732,1.21,1.21,0.75,0.892682927,0.45,0.507073171,0.02005352,0.009982394,C,-1.423255527
4056,1.289225589,12.16502354,3.754463092,0.247787833,0.265684174,50,150,50,47,36,30,27,23,37,35,19,1.4,1.35183908,1.31,1.284482759,1.13,1.032298851,0.41,0.419770115,0.031357649,0.013501853,D,-2.013880447
4057,2.245722953,17.62458283,5.859335552,0.224692676,0.24221082,25,150,150,47,39,29,27,24,34,9,8,1.39,1.321372796,1.33,1.279530201,0.86,0.859496222,0.38,0.393413098,0.024031719,0.012319545,C,-0.568802574
4060,2.797703157,16.40583206,5.57750354,0.22355564,0.235921963,25,150,150,47,15,29,28,55,57,4,5,1.39,1.301345689,1.21,1.268156164,0.75,0.932438605,0.45,0.439834749,0.023053908,0.011211202,C,-0.048856803
4061,1.61979692,8.207556723,3.096057855,0.211817226,0.214151528,125,150,125,16,15,29,28,55,57,4,5,1.21,1.216578947,1.21,1.214545455,0.75,0.81291866,0.45,0.452272727,0.016412631,0.008810795,D,-0.483021469
4062,2.595353484,16.26881037,5.529564263,0.2229836,0.235417042,25,150,125,16,15,29,28,55,57,4,5,1.21,1.296420286,1.21,1.264715364,0.75,0.934666093,0.45,0.443320625,0.022923566,0.01126984,C,-0.053099
4063,1.119047619,8.171834226,2.710813387,0.258584265,0.273590659,150,150,150,44,35,33,24,23,41,11,26,1.39,1.387741935,1.29,1.31483871,0.99,1.179677419,0.38,0.438709677,0.044155189,0.020601427,D,-3.466016551
4064,1.876226096,11.68365999,4.171596729,0.216012753,0.222849106,25,150,125,16,15,29,28,55,57,4,5,1.21,1.25141838,1.21,1.243399142,0.75,0.927620646,0.45,0.464792279,0.019529034,0.009488287,C,-0.108595369
5001,1.429460921,14.58316595,4.347444526,0.250563005,0.272475471,50,150,150,49,38,28,23,23,39,10,5,1.4,1.396610169,1.31,1.316779661,0.58,0.684237288,0.4,0.393389831,0.028218346,0.013302229,D,-1.103148701
5002,1.436586241,18.61656462,5.766392465,0.244340824,0.267240385,25,150,150,47,39,29,27,24,34,9,8,1.39,1.392808,1.33,1.323838028,0.86,0.842547923,0.38,0.351238019,0.026476041,0.011751707,C,-0.28624089
5004,1.291139241,23.53656793,7.856239241,0.227249702,0.244282825,125,150,150,47,39,29,27,24,34,9,8,1.39,1.377033898,1.33,1.315423729,0.86,0.903559322,0.38,0.399067797,0.029876657,0.012219639,C,-2.480451822
5005,1.097127937,13.32363886,4.36157644,0.246926207,0.262389307,25,150,150,47,39,29,27,24,34,9,8,1.39,1.376415094,1.33,1.316666667,0.86,1.02490566,0.38,0.263396226,0.028809358,0.011350395,C,-2.529514553
5007,1.15617849,11.70986866,3.701985713,0.255564319,0.280640182,50,150,150,47,39,29,27,24,34,9,8,1.39,1.391,1.33,1.328,0.86,0.843,0.38,0.3822,0.030302851,0.013157275,D,-1.305306156
5008,1.595597514,17.95941138,5.787276053,0.246190298,0.266461471,25,150,150,47,39,29,27,24,34,9,8,1.39,1.391022273,1.33,1.323991962,0.86,0.911023891,0.38,0.338634812,0.028613984,0.012228352,C,-0.267231365
5010,1.124461465,8.818528566,2.631084594,0.274050914,0.296682663,50,150,150,49,38,28,23,23,39,10,5,1.4,1.399824561,1.31,1.310350877,0.58,0.623508772,0.4,0.400350877,0.047424866,0.020427617,D,-1.935287073
5012,1.855044762,18.50719559,5.978293807,0.24204959,0.261037185,25,150,150,47,39,29,27,24,34,9,8,1.39,1.389099957,1.33,1.323860536,0.86,0.933339085,0.38,0.344236411,0.029483083,0.01220296,C,-0.211204764
5013,1.130317353,9.466702595,2.845015443,0.272253085,0.298001877,50,150,50,49,38,30,23,23,39,10,5,1.4,1.399512195,1.31,1.311463415,0.58,0.89097561,0.4,0.422682927,0.048200504,0.021026134,D,-2.922768003
5014,1.442348412,20.80902737,6.446863686,0.229764433,0.24562471,25,150,150,47,39,29,27,24,34,9,8,1.39,1.381206897,1.33,1.318734177,0.86,1.076275862,0.38,0.362482759,0.03539734,0.012909208,C,-1.087955167
5015,0.988215488,10.91916519,3.547460975,0.280334178,0.299425894,25,150,150,43,0,30,0,23,0,26,0,1.39,1.392857143,1.31,1.318125,1.4,1.315306122,0.0,0.336326531,0.05240644,0.021988127,D,-8.499493022
5017,1.104904632,8.779900686,2.710199778,0.266311458,0.290683303,50,150,150,49,38,28,23,23,39,10,5,1.4,1.4,1.31,1.31,0.58,0.65173913,0.4,0.401304348,0.042038572,0.018814746,D,-5.057323415
5018,1.614309088,14.2653045,4.935893234,0.261912048,0.280332009,25,150,150,47,39,30,27,24,34,9,8,1.39,1.384947368,1.33,1.319738562,0.86,1.162052632,0.38,0.409736842,0.041875823,0.017636615,C,-2.702175982
5021,1.14444995,26.76525466,6.845137767,0.222818905,0.256984754,25,150,150,47,39,29,27,23,34,9,8,1.39,1.394234234,1.33,1.320784314,0.86,0.785225225,0.38,0.357657658,0.019761368,0.008452304,C,-1.623129623
5022,0.988895743,10.90155496,3.794415728,0.274579316,0.294900377,25,150,150,46,41,30,26,24,33,5,7,1.39,1.393555556,1.34,1.329333333,1.73,1.321111111,0.77,0.638444444,0.04721345,0.022269321,D,-5.96016287
5023,1.366391185,13.32738487,4.95676464,0.23860363,0.247971056,25,150,150,47,39,29,27,24,34,9,8,1.39,1.39,1.33,1.33,0.86,0.899512195,0.38,0.352195122,0.026075746,0.009749793,C,-5.147167576
5024,1.260238908,9.978382677,3.115680274,0.256971307,0.279698706,150,150,150,49,38,28,23,23,39,10,5,1.4,1.4,1.31,1.31,0.58,0.58,0.4,0.4,0.029764648,0.013773767,D,-4.722992119
5025,1.063084112,13.16261292,4.134222191,0.250484463,0.259269013,25,150,25,43,0,29,0,23,0,9,0,1.39,1.39,1.33,1.33,0.86,1.13,0.0,0.19,0.032095907,0.010806285,C,-5.991300937
5027,1.432841933,22.24705714,6.215535698,0.229436702,0.253431613,25,150,150,47,39,29,27,24,34,9,8,1.39,1.390296296,1.33,1.329391635,0.86,0.865703704,0.38,0.370740741,0.019805039,0.009436808,C,-1.209981396
5028,1.273287509,12.87274383,4.169717783,0.254934481,0.278680703,25,150,150,47,39,29,27,24,34,9,8,1.39,1.39412766,1.33,1.321504425,0.86,0.816978723,0.38,0.377829787,0.031264484,0.013588528,C,-0.877243636
5029,1.459861007,18.50025661,5.898344416,0.244798403,0.265788246,25,150,150,47,39,29,27,24,34,9,8,1.39,1.391868721,1.33,1.32411487,0.86,0.881153333,0.38,0.327553333,0.02710253,0.011695353,C,-0.274647429
6001,1.454307769,10.33265054,4.254280563,0.24369841,0.257580179,25,150,125,16,15,29,28,23,57,4,5,1.39,1.3148,1.21,1.234296296,0.75,1.053733333,0.45,0.257244444,0.026031613,0.012832558,C,-0.911260754
6006,1.553218575,10.57679397,4.416060493,0.239677983,0.252672702,25,150,25,43,0,34,0,23,0,26,0,1.39,1.353027888,1.29,1.265959596,1.4,1.085318725,0.0,0.239003984,0.02591168,0.012704938,C,-0.489451942
6007,5.902303983,11.15142093,3.995422774,0.257353205,0.26855333,25,150,25,43,0,34,0,23,0,26,0,1.39,1.398258065,1.32,1.323230769,1.4,1.127935484,0.0,0.144,0.034349001,0.017887066,C,-0.596951943
6008,1.513239297,10.35983166,4.376107848,0.239816467,0.252447456,25,150,25,43,0,34,0,23,0,26,0,1.39,1.355535714,1.29,1.26739777,1.4,1.090022321,0.0,0.241517857,0.025954074,0.012636473,C,-0.529438607
7001,1.41285956,14.92051221,5.547841998,0.251914731,0.26821165,25,150,150,79,68,11,10,10,22,7,4,1.59,1.499090909,1.45,1.45,0.53,0.925454545,0.3,0.163636364,0.033239769,0.014320369,C,-6.770730712
7002,1.307069964,10.49772355,3.927006111,0.252555463,0.262666656,25,150,150,44,35,33,24,23,41,11,26,1.39,1.390657895,1.29,1.290812183,0.99,1.132796053,0.38,0.245986842,0.030505515,0.016896645,C,-0.898009013
7005,1.136956522,9.053048998,3.332194361,0.250299069,0.262276132,25,150,150,44,35,33,24,23,41,11,26,1.39,1.39,1.29,1.29,0.99,1.191746032,0.38,0.193015873,0.032376611,0.0179445,D,-2.254534181
7007,3.446155522,8.332420154,3.32812685,0.238596959,0.251671313,25,150,150,43,0,34,0,23,0,26,0,1.39,1.451015625,1.45,1.366947791,1.4,0.982734375,0.0,0.221966146,0.02845136,0.013216007,D,-0.422768575
7008,3.509268949,8.643232266,3.351114924,0.237871018,0.250754306,25,150,150,44,35,33,24,23,41,11,26,1.39,1.386378378,1.29,1.289036145,0.99,1.109432432,0.38,0.257108108,0.028692592,0.013532513,D,-0.677737984
7009,4.94888684,10.99895263,4.253329459,0.240351963,0.254163022,25,150,150,79,68,11,10,23,22,7,4,1.39,1.486168371,1.45,1.401640625,0.53,0.877608183,0.3,0.225263572,0.028035571,0.012716044,D,-0.259018611
7011,3.687543848,8.700933546,3.4082518,0.237543693,0.25071649,25,150,150,44,35,33,24,23,41,11,26,1.39,1.407228637,1.29,1.312591362,0.99,1.055727483,0.38,0.257205543,0.028243547,0.013237619,D,-0.619844142
7015,1.548962149,6.716984318,2.56675269,0.242705428,0.254143752,25,150,150,43,0,34,0,23,0,26,0,1.39,1.484017094,1.45,1.45,1.4,0.991025641,0.0,0.141025641,0.030499275,0.013322481,D,-2.110639612
8001,1.313142047,7.263160812,2.7727302,0.199735908,0.19484943,25,150,150,79,68,11,10,10,22,7,4,1.59,1.519113924,1.45,1.45,0.53,0.83835443,0.3,0.193670886,0.019658612,0.006829146,D,-1.538422308
8003,2.089570159,7.104116754,2.89603471,0.196926576,0.19757758,25,150,150,79,68,11,10,10,22,7,4,1.59,1.540432277,1.45,1.45,0.53,0.745619597,0.3,0.225648415,0.021230788,0.008982005,D,-0.71207502
8005,1.498262165,9.982307365,3.631175129,0.225245005,0.231523458,75,150,150,79,68,11,10,10,22,7,4,1.59,1.536902655,1.45,1.418141593,0.53,0.617610619,0.3,0.321238938,0.024395126,0.008844161,D,-1.110057438
8006,2.432178023,9.471602055,3.668087128,0.202258075,0.20219413,25,150,150,79,68,11,10,10,22,7,4,1.59,1.521967054,1.45,1.412274907,0.53,0.673938953,0.3,0.286443798,0.019349102,0.007628329,D,-0.09091221
8009,1.422234244,6.938098346,2.709699882,0.213633437,0.215126934,25,150,75,79,68,11,10,10,22,7,4,1.59,1.571308411,1.45,1.45,0.53,0.611308411,0.3,0.271962617,0.023448566,0.009004168,D,-1.768076934
8011,2.437830156,9.360726061,3.615750662,0.200457488,0.198397227,25,150,150,79,68,11,10,10,22,7,4,1.59,1.510114723,1.45,1.40157672,0.53,0.684674952,0.3,0.284493308,0.018229657,0.007081269,D,-0.131032753
8013,3.459665025,12.76748619,4.793443434,0.235177167,0.245834605,150,150,150,47,39,29,27,24,34,9,8,1.39,1.47985755,1.33,1.385270655,0.86,0.704900285,0.38,0.333618234,0.024287133,0.009664787,C,-0.404307868
8016,1.587365591,13.27950339,4.955182601,0.23074167,0.240272369,150,150,150,47,39,29,27,24,34,9,8,1.39,1.462205882,1.33,1.374068627,0.86,0.73625,0.38,0.34627451,0.022096232,0.007778522,C,-0.54806979
8020,1.461240751,10.27099878,4.021448498,0.203817689,0.201712949,25,150,150,79,68,11,10,10,22,7,4,1.59,1.526854839,1.45,1.408117155,0.53,0.626774194,0.3,0.301532258,0.018282384,0.00689094,C,-0.270700614
8021,1.272712256,5.776084896,2.398667865,0.213586492,0.219133408,25,150,150,79,68,11,10,10,22,7,4,1.59,1.514311377,1.45,1.413478261,0.53,0.691856287,0.3,0.269461078,0.02478845,0.010894134,D,-1.349710041
8023,5.164122137,5.921239938,2.240879042,0.194532323,0.192176309,25,150,25,43,0,34,0,23,0,26,0,1.39,1.412222222,1.45,1.45,1.4,1.303333333,0.0,0.033333333,0.020171604,0.008340886,D,-3.86305536
8028,1.465555912,12.7370578,4.789413672,0.198212557,0.198835753,50,150,150,79,68,11,10,10,22,7,4,1.59,1.506428571,1.45,1.389642857,0.53,0.6275,0.3,0.318571429,0.016139219,0.00693534,C,-0.280945067
8029,1.468007663,12.23155324,4.382356592,0.218916318,0.22439395,75,150,150,79,68,11,10,10,22,7,4,1.59,1.569591837,1.45,1.437755102,0.53,0.563673469,0.3,0.308163265,0.02219496,0.008309381,C,-0.428501156
8030,1.3461006,8.92543094,3.762592262,0.202776257,0.198204952,50,150,150,47,39,29,27,24,34,9,8,1.39,1.452975207,1.33,1.367603306,0.86,0.755371901,0.38,0.354545455,0.019139072,0.006524539,D,-0.653777499
8031,6.547037733,10.85291496,4.686202158,0.21472862,0.217602075,125,150,150,47,39,29,27,24,34,9,8,1.39,1.432168675,1.33,1.35313253,0.86,0.71686747,0.38,0.362771084,0.018434092,0.006366525,C,-0.639810236
8034,2.364330721,9.971364458,3.830829318,0.203503866,0.20309404,25,150,150,79,68,11,10,10,22,7,4,1.59,1.516869773,1.45,1.405289256,0.53,0.661989247,0.3,0.298506571,0.018989191,0.007304429,D,-0.093198259
8035,1.885334599,10.04501084,3.905163926,0.198729368,0.19577783,25,150,50,56,44,20,19,24,37,11,10,1.41,1.492436548,1.32,1.384764493,0.74,0.685837563,0.34,0.298950931,0.017578692,0.006780065,D,-0.12084496
8036,1.278803987,6.58310774,2.694415405,0.232768756,0.242835609,25,150,150,79,68,11,10,10,22,7,4,1.59,1.528666667,1.45,1.439299363,0.53,0.752428571,0.3,0.23,0.024780808,0.010450796,D,-1.011486348
8038,4.786539424,12.97948817,5.090883258,0.216137685,0.220830689,25,150,150,79,68,11,10,10,22,7,4,1.59,1.504176123,1.45,1.401121678,0.53,0.671644424,0.3,0.299886903,0.021685737,0.008789246,D,-0.061046391
9001,14.67643012,20.12205808,7.049604108,0.205798559,0.215566428,25,150,125,16,15,29,28,55,57,4,5,1.21,1.276512456,1.21,1.220461538,0.75,0.979608541,0.45,0.317651246,0.030850859,0.016635516,C,-1.369550402
9002,6.14623335,21.79605522,7.405034158,0.217849592,0.234277733,25,150,150,47,39,29,27,24,34,9,8,1.39,1.350331754,1.33,1.298505535,0.86,0.913902054,0.38,0.343372828,0.026479967,0.013834378,C,-0.443771571
9005,1.893678493,20.83064848,7.42475921,0.223984585,0.241168371,25,150,150,47,39,29,27,24,34,9,8,1.39,1.385726141,1.33,1.326095238,0.86,0.920912863,0.38,0.333278008,0.02612544,0.0124301,C,-1.820277769
9008,6.245156981,16.98885427,5.997807743,0.239106376,0.250951073,25,150,150,47,39,29,27,24,34,9,8,1.39,1.39,1.33,1.33,0.86,1.063294118,0.38,0.236941176,0.031926902,0.01437236,C,-4.886061163
9009,6.843161399,20.65983405,7.144777232,0.223390796,0.238402627,25,150,150,47,39,29,27,24,34,9,8,1.39,1.357323867,1.33,1.303872283,0.86,0.944500818,0.38,0.320381888,0.027807676,0.013428277,C,-0.316958933
9011,1.237083333,22.9715103,7.463824579,0.225276676,0.244120658,150,150,150,47,39,29,27,24,34,9,8,1.39,1.390049505,1.33,1.3299,0.86,0.863960396,0.38,0.376336634,0.028698843,0.016473619,C,-1.995034118
9012,1.629664055,23.64532803,7.524214314,0.220219573,0.240751984,25,150,150,47,39,29,27,24,34,9,8,1.39,1.367159905,1.33,1.312525773,0.86,0.87575179,0.38,0.361622912,0.022698181,0.011946144,C,-0.938394735
10004,1.218729535,12.35762595,5.129202438,0.189083163,0.183121517,75,150,125,48,37,23,22,29,41,7,3,1.37,1.331640625,1.3,1.27859375,1.63,1.343046875,0.56,0.51265625,0.013329585,0.00689824,C,-0.998951491
10005,1.261453879,11.99157885,4.856450758,0.191958434,0.182352444,125,150,125,16,15,29,28,55,57,4,5,1.21,1.273333333,1.21,1.266666667,0.75,0.833333333,0.45,0.433333333,0.013588042,0.00637771,C,-1.72079882
10008,3.684553578,17.46282477,6.98686701,0.198133916,0.199272234,25,150,125,48,37,23,28,29,41,4,5,1.37,1.354650767,1.3,1.303646953,1.63,1.060620221,0.45,0.427875956,0.014843248,0.007499927,C,-0.210593595
10010,1.357142857,7.350334314,2.528566758,0.179135022,0.162590963,125,150,125,16,15,29,28,55,57,4,5,1.21,1.211353383,1.21,1.210676692,0.75,0.764887218,0.45,0.45,0.0128661,0.006943385,D,-0.568197817
10011,1.584291645,16.00237128,6.261911357,0.198639863,0.196413167,25,150,125,16,15,29,28,55,57,4,5,1.21,1.338031088,1.21,1.298560461,0.75,0.823762887,0.45,0.36371134,0.015292987,0.007444827,C,-0.340857572
10013,39.11087091,17.91706842,7.565618567,0.209112014,0.225416327,75,150,150,42,40,36,35,22,25,9,12,1.4,1.38,1.38,1.347096774,1.0,1.146451613,0.4,0.444946237,0.01545382,0.009251335,C,-0.892498747
10014,1.365757687,18.83244373,7.485209378,0.207706613,0.210494183,25,150,50,79,70,10,10,11,20,4,8,1.57,1.438766667,1.46,1.386157025,0.5,0.854818482,0.28,0.284587459,0.016149401,0.007587375,C,-0.739225377
11001,8.430609756,20.01502042,7.430378032,0.213765199,0.219581367,25,150,25,43,0,34,0,23,0,26,0,1.39,1.434824561,1.46,1.421538462,1.4,1.099122807,0.0,0.154035088,0.019337131,0.008388938,C,-1.448909146
11005,1.121487603,13.72996457,5.043789977,0.218650174,0.218652619,25,150,25,43,0,34,0,23,0,26,0,1.39,1.393134328,1.38,1.38,1.4,1.274626866,0.0,0.125373134,0.022970347,0.008835532,C,-5.713415487
11006,1.136497842,15.87496919,5.896931723,0.216944303,0.218221239,25,150,25,43,0,34,0,23,0,26,0,1.39,1.39204918,1.38,1.38,1.4,1.318032787,0.0,0.081967213,0.021648861,0.008416251,C,-3.006415347
11007,14.41046903,22.20272371,8.646058955,0.212708746,0.226036205,50,150,125,48,37,23,22,29,41,7,3,1.37,1.433301887,1.3,1.359622642,1.63,1.198490566,0.56,0.45245283,0.013957143,0.006796115,C,-1.266875789
11010,22.53780577,20.50302763,7.8873921,0.213242224,0.223262994,25,150,150,42,40,36,35,22,25,9,12,1.4,1.434422188,1.38,1.390971429,1.0,1.037180277,0.4,0.315254237,0.016325574,0.007762365,C,-0.437228003
12001,1.428351784,4.630506213,1.830925293,0.195530731,0.194905612,25,125,125,16,15,29,28,55,57,4,5,1.21,1.228202247,1.21,1.21,0.75,0.815730337,0.45,0.404494382,0.025027617,0.007910088,D,-1.295693788
12004,7.875206289,5.96497393,2.246275431,0.194437178,0.19027784,25,150,125,16,15,29,28,55,57,4,5,1.21,1.26723913,1.21,1.223380282,0.75,0.94576087,0.45,0.363347826,0.02141097,0.007926217,D,-0.223664801
12006,1.337744839,6.003487852,2.455860207,0.186564216,0.177294609,125,125,125,16,15,29,28,55,57,4,5,1.21,1.210384615,1.21,1.21,0.75,0.767307692,0.45,0.456923077,0.018660655,0.006856486,D,-1.300266931
12009,7.739295718,14.29825268,6.508685194,0.197848576,0.205250435,75,150,125,48,37,23,22,29,41,7,3,1.37,1.348592593,1.3,1.288962963,1.63,1.227407407,0.56,0.482666667,0.015646238,0.007488154,C,-2.057805488
12012,2.198654709,5.675524807,2.610490201,0.196021762,0.191709665,125,150,150,21,18,28,28,51,54,5,5,1.23,1.22703125,1.22,1.21703125,0.97,1.03828125,0.45,0.5034375,0.020861766,0.006939932,D,-1.578337608
12015,1.176823177,9.839191088,4.01832241,0.192756468,0.183931712,125,150,150,21,18,28,28,51,54,5,5,1.23,1.227241379,1.22,1.21862069,0.97,0.939655172,0.45,0.45,0.013342164,0.007113353,C,-2.803899705
12016,2.447305998,6.114639222,2.1847982,0.220190999,0.220109467,25,150,25,43,0,34,0,23,0,26,0,1.39,1.446962025,1.46,1.46,1.4,1.115189873,0.0,0.088607595,0.024945761,0.0095209,D,-1.678851697
12018,5.38355681,5.628681464,2.256916339,0.197739292,0.189714933,125,150,125,16,15,29,28,55,57,4,5,1.21,1.213333333,1.21,1.210493827,0.75,0.866419753,0.45,0.492222222,0.021824292,0.007226452,D,-1.093928147
12020,8.801091889,8.698677197,3.676622096,0.195176609,0.191427525,25,150,125,16,15,29,28,55,57,4,5,1.21,1.239501953,1.21,1.217571429,0.75,0.949580078,0.45,0.440983073,0.018166419,0.007361269,D,-0.072119306
12025,12.7050746,6.742596831,2.620392029,0.193583611,0.189350703,25,150,125,16,15,29,28,55,57,4,5,1.21,1.249385113,1.21,1.217863464,0.75,0.984347357,0.45,0.424185545,0.020018458,0.007456485,D,-0.1138737
12026,11.65359466,6.368105505,2.462086209,0.194054799,0.189681086,25,150,125,16,15,29,28,55,57,4,5,1.21,1.254134008,1.21,1.218687023,0.75,0.979178255,0.45,0.407458913,0.020611592,0.007660854,D,-0.135171438
12029,1.339102435,13.70172708,6.750278583,0.198181734,0.194872163,125,150,125,16,15,29,28,55,57,4,5,1.21,1.213741007,1.21,1.211870504,0.75,0.791151079,0.45,0.45,0.014751247,0.007191353,C,-0.788218948
12035,10.35147877,8.276364072,3.425582369,0.193854998,0.189770949,25,150,125,16,15,29,28,55,57,4,5,1.21,1.240501961,,1.216281826,0.75,0.954517647,0.45,0.438431373,0.018465751,0.007190692,D,-0.079957103
12036,1.796458765,5.907077878,2.132173356,0.211733664,0.210141418,25,150,25,43,0,34,0,23,0,26,0,1.39,1.414352941,,1.389245283,1.4,1.141470588,0.0,0.102294118,0.024470121,0.009031348,D,-1.128996822
12038,1.165021713,4.896498361,1.831536157,0.208701105,0.205534423,25,125,125,16,15,29,28,55,57,4,5,1.21,1.297428571,,1.21,0.75,1.065714286,0.45,0.231428571,0.024902737,0.00867011,D,-1.256827226
12043,19.17753414,6.737874485,2.526656539,0.18220038,0.178655269,25,125,125,16,15,29,28,55,57,4,5,1.21,1.230068493,,1.21,0.75,0.887671233,0.45,0.432123288,0.016852288,0.00701954,D,-0.801439922
12044,1.129154796,8.66018832,3.714951364,0.197544786,0.191575428,50,150,150,21,18,28,28,51,54,5,5,1.23,1.222142857,,1.216071429,0.97,0.883571429,0.45,0.45,0.015765655,0.007669471,D,-1.276202949
12046,10.79116321,6.116355527,2.306609603,0.193421716,0.188479352,25,150,125,16,15,29,28,55,57,4,5,1.21,1.256643599,,1.22012685,0.75,0.950138408,0.45,0.39816609,0.020736301,0.007660965,D,-0.171485826
13004,1.321729218,6.581375864,3.384899491,0.198221919,0.194816533,50,150,150,21,18,28,28,51,54,5,5,1.23,1.225394322,,1.217697161,0.97,0.919337539,0.45,0.45,0.020168437,0.00798777,D,-0.590079002
13006,1.21517805,5.473944533,2.710056205,0.198376112,0.19550707,50,150,150,21,18,28,28,51,54,5,5,1.23,1.226820084,,1.218410042,0.97,0.935020921,0.45,0.45,0.021407144,0.008261688,D,-0.839471983
13007,8.19974909,9.133853408,4.420282076,0.204019741,0.204968413,50,150,125,16,15,29,28,55,57,4,5,1.21,1.231317446,,1.227891187,0.75,0.89182554,0.45,0.459334532,0.016295683,0.007560164,C,-0.113180855
13008,8.04206422,8.425519945,4.17833653,0.204038082,0.204181072,50,150,125,16,15,29,28,55,57,4,5,1.21,1.228631868,,1.225637363,0.75,0.882697802,0.45,0.45828022,0.016236671,0.00744305,C,-0.135032963
13010,14.82516116,7.543160766,3.48116928,0.201996984,0.199747426,50,150,125,16,15,29,28,55,57,4,5,1.21,1.214507042,,1.212253521,0.75,0.799577465,0.45,0.45,0.014962204,0.006773073,D,-0.468198241
13012,6.91039823,7.448581314,3.284414181,0.202701869,0.19967319,50,150,125,16,15,29,28,55,57,4,5,1.21,1.214193548,,1.212096774,0.75,0.796129032,0.45,0.45,0.014595885,0.006274171,D,-0.589685186
13013,1.375260308,9.223603162,3.782816806,0.2060896,0.209288037,125,150,150,39,43,38,35,23,22,7,3,1.38,1.318461538,,1.325384615,1.83,1.360769231,0.64,0.555076923,0.015794033,0.007872419,D,-1.613944239
13016,8.154462341,8.603330057,4.207137619,0.204018725,0.204425466,50,150,125,16,15,29,28,55,57,4,5,1.21,1.229123711,,1.226304124,0.75,0.886469072,0.45,0.459237113,0.016094838,0.007458702,C,-0.126960699
13017,7.931731735,8.104975689,4.092109009,0.20358284,0.203306947,50,150,125,16,15,29,28,55,57,4,5,1.21,1.226117193,,1.222569221,0.75,0.869529942,0.45,0.45469414,0.016355136,0.007428402,C,-0.150646239
13025,14.45226307,7.715013253,3.748091243,0.202321924,0.201086688,50,150,125,16,15,29,28,55,57,4,5,1.21,1.215107914,,1.212553957,0.75,0.80618705,0.45,0.45,0.014993027,0.007105971,D,-0.339984479
14001,1.251239669,10.38390545,4.40833164,0.247309099,0.266964018,50,150,50,49,38,28,23,23,39,10,5,1.4,1.40125,,1.3371875,0.58,0.8221875,0.4,0.4225,0.032697518,0.017375158,C,-4.833255138
14003,1.254045307,10.62771019,4.334788226,0.242188314,0.257569285,50,150,50,49,38,28,23,23,39,10,5,1.4,1.403188406,,1.329130435,0.58,0.707536232,0.4,0.4,0.028966954,0.013925528,C,-2.097799875
14004,1.225248821,10.43591615,5.489554979,0.215903969,0.226919933,125,150,150,49,38,28,23,23,39,10,5,1.4,1.37125,,1.305178571,0.58,0.686785714,0.4,0.403928571,0.025691407,0.010702169,C,-2.583368812
14005,1.194756554,9.591552116,2.938855922,0.259147023,0.280366123,50,150,50,47,36,30,27,23,37,35,19,1.4,1.397333333,,1.304666667,1.13,1.074333333,0.41,0.401666667,0.046096753,0.02732037,D,-3.9631349
14008,1.183303085,10.21459854,5.375852245,0.203497754,0.211013087,125,150,150,49,38,28,23,23,39,10,5,1.4,1.368225806,,1.303709677,0.58,0.690806452,0.4,0.410322581,0.022830385,0.009190532,C,-2.386361339
14009,1.252077562,9.10004378,4.286056366,0.249577882,0.269665067,50,50,50,49,38,28,23,23,39,10,5,1.4,1.398181818,,1.318181818,0.58,0.693636364,0.4,0.421818182,0.03348022,0.01567414,C,-8.96242709
14011,1.207207207,9.864325629,4.304693941,0.249470463,0.267819272,50,150,50,49,38,28,23,23,39,10,5,1.4,1.39625,,1.326875,0.58,0.814375,0.4,0.445,0.034362454,0.017576202,C,-8.027043855
14012,1.032528856,8.801553453,3.610700464,0.223259148,0.226722351,150,150,150,49,38,28,23,23,39,10,5,1.4,1.4,,1.31,0.58,0.58,0.4,0.4,0.028940622,0.010580927,D,-4.874383157
14014,1.015348288,8.846401356,3.504646681,0.23633121,0.246042658,50,150,50,49,38,28,23,23,39,10,5,1.4,1.4,,1.31,0.58,0.58,0.4,0.4,0.030456075,0.012253605,D,-7.335817378
14015,1.171974522,10.07908287,4.132971091,0.248796573,0.270141409,50,50,50,49,38,28,23,23,39,10,5,1.4,1.4,,1.31,0.58,0.58,0.4,0.4,0.03655593,0.019156787,C,-14.80531846
15001,1.663972286,10.72855063,3.532761588,0.261528157,0.282050286,50,150,150,44,35,33,24,23,41,11,26,1.39,1.3916,,1.2932,0.99,1.0124,0.38,0.3848,0.048928873,0.018835606,D,-6.744563914
15003,1.111504425,13.26474011,4.622461216,0.260572762,0.276143854,150,150,150,46,41,30,26,24,33,5,7,1.39,1.3903125,,1.321875,1.73,1.456875,0.77,0.6246875,0.041953148,0.012699,C,-2.997782134
15005,2.716096324,8.24651434,2.660656746,0.285522769,0.302051177,50,150,50,47,36,30,27,23,37,35,19,1.4,1.396136364,,1.317045455,1.13,1.294545455,0.41,0.513636364,0.053600663,0.017377818,D,-5.789759326
15006,1.308333333,10.8246365,3.433766605,0.267026733,0.286773619,50,150,50,47,36,30,27,23,37,35,19,1.4,1.3975,,1.305,1.13,1.095,0.41,0.4025,0.053388696,0.024361573,D,-3.714207417
15007,1.689863843,7.185348745,2.463738095,0.27017921,0.28657955,50,150,150,44,35,33,24,23,41,11,26,1.39,1.393333333,,1.296666667,0.99,1.036666667,0.38,0.39,0.046212578,0.016299148,D,-15.77065347
15008,1.310632911,11.73816453,3.656126917,0.262114281,0.284376374,50,150,150,47,36,30,27,23,37,35,19,1.4,1.395794393,,1.301588785,1.13,1.014579439,0.41,0.39635514,0.048911805,0.02077272,C,-2.044325726
15009,1.138964578,13.33858721,4.022391384,0.260573681,0.284548426,50,150,50,47,36,30,27,23,37,35,19,1.4,1.398387097,,1.306774194,1.13,0.965483871,0.41,0.402580645,0.050484924,0.021488137,C,-5.166582646
15010,2.275510204,11.14993289,3.599794429,0.258974116,0.282981624,50,150,50,47,36,30,27,23,37,35,19,1.4,1.397647059,,1.305294118,1.13,1.097058824,0.41,0.402941176,0.052736602,0.027256819,D,-2.630731677
15011,1.529032258,7.67062173,2.668419987,0.283437856,0.295215165,50,150,50,47,36,30,27,23,37,35,19,1.4,1.395714286,,1.301428571,1.13,1.07,0.41,0.397142857,0.047093263,0.015516363,D,-14.46209634
15012,1.442791762,8.859162598,2.892804206,0.277192077,0.294626363,50,150,50,47,36,30,27,23,37,35,19,1.4,1.396521739,,1.303043478,1.13,1.081304348,0.41,0.399565217,0.041822384,0.01321104,D,-11.05309652
15013,1.577731092,11.61855982,3.337689532,0.26245521,0.286233975,50,150,150,44,35,33,24,23,41,11,26,1.39,1.3904,,1.2908,0.99,0.9956,0.38,0.3812,0.045529975,0.013986038,D,-7.070906479
15014,1.71253406,8.851023586,2.968091443,0.277481034,0.29341046,50,150,50,47,36,30,27,23,37,35,19,1.4,1.396190476,,1.302380952,1.13,1.076666667,0.41,0.398571429,0.045343758,0.014391619,D,-12.61252737
15016,1.817751649,14.47821122,4.594461024,0.252294092,0.27239259,50,150,150,44,35,33,24,23,41,11,26,1.39,1.385,,1.299175258,0.99,1.092371134,0.38,0.436546392,0.039191633,0.013237369,D,-1.453518915
15017,3.183723798,11.04803691,3.523375917,0.273936986,0.293969752,50,150,150,47,36,30,27,23,37,35,19,1.4,1.395797101,,1.307391304,1.13,1.125072464,0.41,0.442028986,0.053118199,0.023820428,D,-5.325293456
15018,1.866434379,8.502153729,2.694787475,0.266830081,0.27584962,25,150,150,44,35,33,24,23,41,11,26,1.39,1.412608696,,1.323913043,0.99,1.001304348,0.38,0.38173913,0.059999833,0.021565535,D,-12.19809529
15019,1.8443519,7.762972333,2.746472417,0.285189213,0.298968692,25,150,50,47,36,30,27,23,37,35,19,1.4,1.396315789,,1.304259259,1.13,1.112982456,0.41,0.385789474,0.051804671,0.017244378,D,-7.877023357
15020,1.24655069,17.72323654,5.90633321,0.244542238,0.263366727,125,150,150,44,35,33,24,23,41,11,26,1.39,1.375483871,,1.300967742,0.99,1.146344086,0.38,0.485698925,0.034995773,0.011735842,C,-1.969786024
15021,1.407467864,7.488572785,2.5712615,0.294782927,0.307288431,25,150,150,47,36,30,27,23,37,35,19,1.39,1.393623188,,1.311259259,1.13,1.234492754,0.38,0.481521739,0.058064779,0.019135812,D,-4.3265862
15022,1.373876987,7.699084509,2.696065403,0.278643219,0.292405832,50,150,50,47,36,30,27,23,37,35,19,1.4,1.396315789,,1.302631579,1.13,1.078421053,0.41,0.398947368,0.05116206,0.017849985,D,-6.08699777
15023,1.184292379,9.85939175,2.881106272,0.276804889,0.297067503,50,150,50,47,36,30,27,23,37,35,19,1.4,1.398787879,,1.312424242,1.13,1.080606061,0.41,0.406060606,0.056601774,0.021175322,D,-2.952048619
15024,1.388788427,10.76925228,3.160211667,0.268468705,0.2892722,50,150,150,44,35,33,24,23,41,11,26,1.39,1.392580645,,1.29516129,0.99,1.026129032,0.38,0.387741935,0.046917735,0.016921703,D,-8.321364135
15026,5.154195011,8.636419913,2.879797069,0.275791738,0.290183379,50,150,150,44,35,33,24,23,41,11,26,1.39,1.394081633,,1.298163265,0.99,1.047142857,0.38,0.392244898,0.044898914,0.01433326,D,-7.026741804
15030,2.069582505,8.027157374,2.808425904,0.278712086,0.293702116,25,150,50,47,36,30,27,23,37,35,19,1.4,1.397142857,,1.305384615,1.13,1.119285714,0.41,0.374285714,0.048438182,0.017041867,D,-8.866699724
15031,1.025830258,7.156599761,2.492821701,0.298226848,0.309857694,25,150,150,46,41,30,26,23,33,5,7,1.39,1.39,,1.3175,1.73,1.397391304,0.77,0.516956522,0.061383994,0.019826371,D,-9.603470157
15032,1.297674419,11.41891102,3.62984946,0.259711055,0.281868367,50,150,150,44,35,33,24,23,41,11,26,1.39,1.393333333,,1.296666667,0.99,1.036666667,0.38,0.39,0.046647072,0.019530335,D,-16.70643457
16001,2.307515337,14.1285436,4.850166235,0.249184526,0.267325921,25,150,150,81,69,7,8,12,23,10,10,1.56,1.541527778,,1.44295082,0.53,0.662916667,0.26,0.230277778,0.030775124,0.012194198,C,-4.506719953
16004,1.223731154,13.24218781,4.298064825,0.258422678,0.273320803,50,150,150,81,69,7,8,12,23,10,10,1.56,1.557344398,,1.438008299,0.53,0.53780083,0.26,0.262655602,0.035307344,0.015658192,C,-2.58201346
16007,1.529192296,13.60834329,4.407588779,0.257474882,0.272726154,50,150,150,81,69,7,8,12,23,10,10,1.56,1.557664234,,1.438248175,0.53,0.536861314,0.26,0.262335766,0.034646052,0.015146816,C,-2.159753036
16012,2.383990852,14.19103042,4.893055715,0.25283769,0.267477648,50,150,150,81,69,7,8,12,23,10,10,1.56,1.562727273,,1.440082645,0.53,0.535826446,0.26,0.268264463,0.031903798,0.013375632,C,-1.372637147
16014,2.827968431,14.50951278,4.814933324,0.251424951,0.268034709,100,150,150,81,69,7,8,12,23,10,10,1.56,1.512604502,,1.408231511,0.53,0.570353698,0.26,0.302475884,0.02915351,0.011228187,C,-1.222599104
17001,1.022170362,13.68883187,4.089917745,0.261595729,0.277749684,25,150,25,43,0,34,0,23,0,26,0,1.39,1.39,,1.34,1.4,1.4825,0.0,0.1925,0.050065399,0.017030679,C,-5.530144746
17003,1.225462119,23.76715865,6.558673887,0.226437222,0.252148555,25,150,150,47,39,29,27,24,34,9,8,1.39,1.390462963,,1.329029126,0.86,0.872037037,0.38,0.363333333,0.020208717,0.008496757,C,-2.074978108
17005,2.965294715,17.10531939,5.13819165,0.234619275,0.248775885,25,150,150,47,39,29,27,24,34,9,8,1.39,1.379012797,,1.320023866,0.86,0.975886654,0.38,0.295959781,0.026746887,0.008763818,C,-0.573972
17006,1.240547588,23.57100906,6.326441936,0.227472417,0.25641947,125,150,150,47,39,29,27,24,34,9,8,1.39,1.38994152,,1.318888889,0.86,0.741169591,0.38,0.38994152,0.020121811,0.009269465,C,-1.193986807
17007,1.443334781,17.9559249,6.177842763,0.233990373,0.251443321,25,150,125,16,15,29,28,55,57,4,5,1.21,1.31828125,,1.280598291,0.75,0.758671875,0.45,0.373828125,0.042604636,0.015712023,C/D,-1.497853019
17009,6.131092241,15.66760398,4.561418898,0.241086947,0.249953457,25,150,150,47,39,29,27,24,34,9,8,1.39,1.385413223,,1.324680851,0.86,0.999256198,0.38,0.303429752,0.032562676,0.010669589,C,-0.90944438
17011,2.028643036,15.5934907,5.050835394,0.23464837,0.245998145,25,150,150,79,70,10,10,11,20,4,8,1.57,1.48724359,,1.413809524,0.5,0.742628205,0.28,0.251089744,0.045241774,0.017658068,C,-1.098693022
17012,3.220743773,15.4046326,4.654151224,0.244521739,0.253292771,25,150,25,43,0,34,0,23,0,26,0,1.39,1.3345,,1.24972973,1.4,1.124125,0.0,0.197625,0.037314046,0.013766788,C,-2.831852445
17015,4.387912248,16.42614043,5.090277031,0.243611892,0.259859993,25,150,150,47,39,29,27,24,34,9,8,1.39,1.399183673,,1.337793103,0.86,1.043112245,0.38,0.301326531,0.0399236,0.013572208,C,-1.396250097
17019,1.25647349,13.14560965,4.327786283,0.259658908,0.274905246,25,150,150,47,39,29,27,24,34,9,8,1.39,1.39,,1.327857143,0.86,1.065208333,0.38,0.389375,0.048542291,0.016633469,C,-4.994817033
17022,1.338012959,18.6794586,5.408927956,0.23472846,0.253900329,25,150,150,47,39,29,27,24,34,9,8,1.39,1.3825323,,1.318424242,0.86,0.88248062,0.38,0.331317829,0.024412667,0.009477374,C,-0.647946761
17024,2.141004054,18.38121708,5.367096469,0.235089416,0.253366447,25,150,150,47,39,29,27,24,34,9,8,1.39,1.384129464,,1.320489691,0.86,0.881875,0.38,0.335691964,0.025177383,0.009393274,C,-0.521522488
