gauge_id,p_mean,p_max,p_mean_anum,p_monthly_variability,p_annual_variability,p_unif,high_prec_freq,high_prec_dur,max_high_prec_dur,high_prec_timing,low_prec_freq,low_prec_dur,max_low_prec_dur,low_prec_timing,asynchronicity,tmin_mean,tmax_mean,pet_mean,pet_min,pet_max,pet_mean_anum,pet_gleam_mean,aet_gleam_mean,evap_canopy_mean,evap_canopy_min,evap_canopy_max,evap_canopy_anum,evap_surface_mean,evap_surface_min,evap_surface_max,evap_surface_anum,aridity_p_pet,aridity_pet_aet,ai_mean,rel_hum_mean,srad_lw_mean,srad_sw_mean,wind_mean,sm_lvl1_mean,sm_lvl2_mean,sm_lvl3_mean,sm_lvl4_mean
3002,3.76,177.15,1372.79,0.4546,0.7404,0.894904875,20.7,1.5073,7,monsoon,252.3667,7.9361,172,winter,0.316211879,20.65,32.74,3.8,0.25,8.82,1387.69,2.82,1.76,0.3,0,4.57,108.26,0.73,0.0,4.23,266.58,0.989,0.73,0.707,60.16,381.38,285.88,2.09,14.31,62.58,171.39,502.61
3005,3.4,118.95,1240.38,0.3546,0.6767,0.926760869,21.1333,1.8813,10,monsoon,247.5667,11.7516,139,winter,0.334892041,19.67,32.58,4.18,0.43,9.81,1525.78,2.89,1.64,0.3,0,2.83,110.5,0.52,0.01,3.66,190.89,0.813,0.802,0.624,52.14,387.91,285.31,2.08,13.78,76.88,184.79,556.97
3008,2.65,119.17,967.17,0.3953,0.7288,0.91537469,20.8333,1.6938,7,monsoon,260.0333,12.1322,239,winter,0.325306132,20.54,33.65,4.47,0.5,11.03,1632.39,3.0,1.55,0.3,0,3.5,109.3,0.59,0.02,3.75,216.55,0.592,0.8,0.45,49.52,390.62,289.21,2.53,11.4,72.46,170.3,559.19
3009,2.25,131.91,821.26,0.5632,0.8682,0.837072565,22.5333,1.5505,6,monsoon,286.7333,9.8196,235,winter,0.311620031,20.31,33.59,4.5,0.37,10.19,1644.29,3.02,1.54,0.39,0,3.75,142.0,0.56,0.02,4.2,205.9,0.499,0.788,0.406,47.97,388.11,295.58,2.92,10.87,68.92,146.89,534.06
3013,3.14,239.82,1147.6,0.5193,0.8596,0.850610537,20.9667,1.4167,5,monsoon,274.7667,8.7785,163,winter,0.307720968,21.31,34.06,4.2,0.44,10.07,1534.68,2.95,1.61,0.31,0,4.54,113.75,0.7,0.01,4.61,254.37,0.748,0.76,0.48,55.42,395.28,287.27,2.01,13.01,68.7,166.64,512.52
3014,2.45,221.0,894.85,0.4711,0.8398,0.869123571,21.5333,1.5951,6,monsoon,275.4333,11.3659,230,winter,0.343825846,19.53,32.37,4.26,0.33,10.42,1557.61,2.93,1.53,0.28,0,3.8,102.48,0.52,0.01,4.42,189.09,0.575,0.813,0.414,49.23,384.14,289.52,2.27,11.77,75.47,170.96,574.64
3017,3.63,259.74,1325.5,0.5487,0.8304,0.895398561,21.2,1.5325,7,monsoon,268.5333,9.1754,218,winter,0.341901763,20.44,32.82,3.79,0.22,8.56,1385.9,2.83,1.73,0.32,0,6.66,115.24,0.7,0.0,3.96,256.04,0.956,0.732,0.703,61.53,381.17,282.81,1.76,15.3,63.96,172.99,466.79
3018,4.01,185.71,1463.28,0.3717,0.6633,0.91621891,17.5333,1.6386,6,monsoon,226.2333,7.7037,150,winter,0.31156512,20.73,32.4,3.72,0.29,8.25,1360.24,2.86,1.87,0.3,0,3.46,111.16,0.67,0.0,3.71,243.41,1.076,0.739,0.74,61.96,381.25,283.87,2.06,15.36,64.39,175.31,539.29
3019,2.27,148.02,830.81,0.564,0.8582,0.837627712,22.4,1.5238,7,monsoon,285.0,9.5318,235,winter,0.307901784,20.46,33.49,4.48,0.39,9.94,1637.39,3.02,1.56,0.38,0,3.97,139.37,0.57,0.01,4.35,209.6,0.507,0.787,0.419,48.87,388.11,295.78,2.96,10.93,67.96,147.63,530.77
3020,1.97,76.18,720.33,0.4911,0.7273,0.751854196,21.4333,1.7473,7,monsoon,266.3667,12.2374,233,winter,0.303803827,19.33,33.06,4.33,0.56,8.93,1581.75,2.93,1.48,0.35,0,2.96,128.37,0.45,0.02,3.71,162.74,0.455,0.816,0.329,49.67,377.79,302.13,3.1,9.67,65.09,141.92,532.68
3024,2.63,159.61,961.45,0.5184,0.8277,0.816190674,22.7,1.4582,6,monsoon,278.4,8.5224,182,winter,0.289368712,20.97,33.44,4.23,0.3,9.51,1546.22,2.98,1.61,0.37,0,4.01,133.64,0.59,0.01,4.63,213.97,0.622,0.775,0.447,50.64,392.74,290.87,2.55,11.63,72.38,165.91,548.1
3028,2.65,141.54,967.68,0.4131,0.7796,0.901365491,21.4333,1.7473,7,monsoon,265.0333,11.278,239,winter,0.328655299,20.34,33.33,4.42,0.46,11.09,1615.54,2.99,1.55,0.28,0,3.29,102.11,0.56,0.01,4.61,203.51,0.599,0.811,0.454,49.02,390.69,287.88,2.47,11.38,74.34,172.76,570.0
3029,2.0,84.94,728.88,0.4694,0.7182,0.765059449,21.7667,1.7367,7,monsoon,265.0667,12.2338,233,winter,0.304109338,19.38,33.11,4.34,0.58,9.0,1586.64,2.93,1.48,0.35,0,2.84,129.62,0.45,0.02,3.75,164.82,0.459,0.814,0.331,49.44,378.53,301.76,3.09,9.74,65.38,141.77,532.39
3030,2.43,160.89,887.8,0.4412,0.8144,0.902391343,21.4333,1.6237,6,monsoon,272.0,11.9473,239,winter,0.334337814,20.02,33.03,4.41,0.44,11.03,1611.58,2.98,1.52,0.28,0,3.15,103.14,0.52,0.02,4.09,190.43,0.551,0.818,0.401,48.43,387.29,289.64,2.49,11.19,74.62,168.83,572.76
3031,4.22,243.7,1542.66,0.3818,0.677,0.830827996,17.5333,1.5608,5,monsoon,225.5667,7.1232,156,winter,0.302070876,20.91,31.89,3.66,0.23,8.21,1336.56,2.83,1.91,0.31,0,2.97,112.04,0.65,0.0,4.0,235.82,1.154,0.74,0.783,62.9,379.54,283.26,2.18,15.48,64.93,178.93,592.1
3038,2.32,223.94,849.16,0.5839,0.8576,0.843268533,22.1667,1.5758,6,monsoon,281.8667,11.7608,234,winter,0.335007293,20.15,33.72,4.57,0.36,10.72,1670.86,3.0,1.5,0.34,0,3.42,122.88,0.56,0.01,3.99,204.15,0.508,0.804,0.365,47.69,381.02,295.12,3.02,10.78,69.42,160.71,550.72
3040,3.14,149.24,1146.46,0.4189,0.7644,0.868720237,22.1667,1.642,8,monsoon,266.4333,10.462,234,winter,0.333298887,18.74,31.89,4.31,0.24,11.08,1575.86,2.81,1.51,0.3,0,3.31,109.11,0.46,0.0,4.09,168.64,0.728,0.824,0.546,50.23,373.98,288.59,2.54,12.38,77.28,167.62,588.99
3043,3.03,70.11,1106.43,0.272,0.5348,0.92292637,18.1333,1.9429,7,monsoon,222.8667,11.2559,157,winter,0.309669869,20.55,33.14,4.19,0.84,9.02,1531.4,2.97,1.68,0.33,0,2.39,118.77,0.57,0.02,3.05,208.88,0.722,0.786,0.525,53.52,389.82,288.8,2.37,12.93,70.43,168.13,536.76
3045,4.09,229.48,1493.15,0.3707,0.5954,0.740780036,16.6333,1.5892,7,monsoon,212.8333,6.3596,136,winter,0.290518156,22.01,32.14,3.56,0.32,7.36,1298.59,2.94,2.02,0.32,0,4.04,118.57,0.62,0.01,3.58,227.64,1.15,0.733,0.747,65.87,389.18,280.47,1.54,17.16,64.89,174.71,521.3
3047,4.11,200.04,1500.4,0.4604,0.7519,0.862071422,19.5333,1.5585,6,monsoon,248.0,7.9657,173,winter,0.313231713,20.67,31.79,3.74,0.27,8.48,1366.34,2.78,1.73,0.28,0,3.58,103.73,0.68,0.0,4.16,247.25,1.098,0.743,0.733,60.45,381.3,285.48,2.44,14.42,63.74,175.25,569.65
3048,3.27,125.33,1195.44,0.3811,0.7049,0.887401178,22.3,1.7652,8,monsoon,257.0,11.594,198,winter,0.337155792,18.87,32.04,4.19,0.25,10.56,1531.95,2.81,1.58,0.32,0,3.74,115.52,0.47,0.0,3.79,172.11,0.78,0.812,0.627,50.45,379.2,287.44,2.18,13.58,78.71,181.83,575.75
3055,2.26,99.55,824.08,0.3781,0.6284,0.824051637,20.4667,1.7394,7,monsoon,249.0,11.2162,187,winter,0.300431192,20.08,33.44,4.37,0.52,9.43,1597.25,2.97,1.54,0.36,0,2.8,131.44,0.53,0.03,3.53,193.68,0.516,0.796,0.379,49.21,385.39,297.02,2.93,10.63,68.32,150.33,536.11
3056,2.34,184.02,854.85,0.5335,0.878,0.916345745,22.2,1.5524,7,monsoon,284.8333,11.6259,238,winter,0.326741724,20.33,33.66,4.68,0.37,11.61,1708.13,3.03,1.54,0.31,0,3.69,113.04,0.55,0.01,4.15,201.6,0.5,0.816,0.398,48.22,387.44,291.25,2.81,10.69,71.77,166.08,561.54
3057,4.02,159.79,1469.01,0.3602,0.6437,0.914168761,17.9667,1.722,7,monsoon,225.6667,7.9929,149,winter,0.312562808,20.92,32.46,3.73,0.3,8.12,1361.86,2.93,1.94,0.31,0,3.51,112.43,0.66,0.01,3.61,240.57,1.079,0.741,0.735,62.13,384.32,282.86,1.93,15.75,64.71,175.99,520.2
3064,2.88,220.97,1050.15,0.4536,0.8381,0.845015123,21.0333,1.6138,6,monsoon,270.9333,10.1855,177,winter,0.321627358,20.49,33.42,4.43,0.39,11.1,1617.02,2.98,1.61,0.27,0,3.37,99.67,0.6,0.01,5.29,219.75,0.649,0.802,0.507,49.47,392.64,285.94,2.45,11.64,73.62,176.38,564.35
3068,4.11,246.38,1502.41,0.41,0.6743,0.804444307,18.0,1.5297,5,monsoon,230.7,6.6805,157,winter,0.290878031,21.12,31.97,3.62,0.2,8.21,1322.55,2.84,2.0,0.33,0,3.27,120.93,0.61,0.0,3.89,223.77,1.136,0.739,0.821,64.7,376.36,281.3,2.04,16.23,65.3,179.86,606.12
3069,1.84,106.35,670.81,0.768,0.8617,0.782057033,22.2667,1.6096,7,monsoon,286.3,12.27,242,winter,0.290027914,18.9,32.72,4.14,0.41,8.58,1513.07,2.86,1.46,0.32,0,3.25,116.06,0.48,0.02,3.44,176.0,0.443,0.807,0.31,53.37,372.17,302.98,2.95,9.54,61.27,146.55,549.12
3071,4.01,150.6,1466.0,0.3638,0.6502,0.896004274,18.3667,1.8007,7,monsoon,228.2333,8.9974,149,winter,0.319200852,20.88,32.66,3.85,0.31,8.25,1404.78,2.98,1.94,0.32,0,3.97,116.68,0.63,0.01,3.35,229.45,1.044,0.754,0.752,61.08,388.16,281.63,1.81,16.27,66.37,178.81,500.64
3072,3.24,124.62,1184.85,0.3619,0.6804,0.915312862,21.0333,1.7825,9,monsoon,249.3667,11.7811,157,winter,0.33639314,19.27,32.28,4.16,0.3,10.2,1518.57,2.86,1.61,0.3,0,2.81,109.76,0.5,0.0,3.51,183.75,0.78,0.807,0.601,51.42,383.72,286.59,2.14,13.41,77.06,181.15,565.66
3073,2.9,71.76,1060.13,0.2867,0.5533,0.91250746,19.0333,1.8539,6,monsoon,229.3333,12.8839,160,winter,0.31422733,20.34,33.23,4.25,0.75,9.35,1554.15,2.96,1.63,0.33,0,2.47,119.05,0.56,0.02,3.2,206.29,0.682,0.791,0.506,52.18,388.76,289.92,2.46,12.44,70.72,166.97,539.54
3074,2.51,179.48,917.14,0.4629,0.7853,0.894397163,22.0667,1.6888,7,monsoon,269.4667,11.6652,234,winter,0.32264969,20.57,33.88,4.56,0.38,11.14,1664.28,3.01,1.54,0.32,0,3.53,116.53,0.62,0.02,4.25,225.26,0.551,0.795,0.424,49.18,388.42,291.65,2.69,11.14,70.25,165.53,548.5
3075,3.03,69.77,1106.93,0.2711,0.5334,0.92292637,17.8667,1.9491,7,monsoon,222.6333,11.1131,157,winter,0.308942143,20.56,33.13,4.19,0.85,9.0,1530.55,2.97,1.68,0.33,0,2.39,118.87,0.57,0.02,3.05,209.04,0.723,0.786,0.526,53.61,389.89,288.76,2.36,12.96,70.41,168.13,536.14
3076,4.22,243.68,1540.46,0.4401,0.6765,0.758137976,18.6667,1.4894,7,monsoon,234.7667,6.2716,149,winter,0.303526916,22.03,32.17,3.48,0.2,7.12,1269.89,3.1,2.1,0.31,0,5.55,111.82,0.65,0.01,3.86,238.73,1.213,0.724,0.753,64.84,403.48,280.95,1.27,16.47,64.31,177.78,526.14
3079,2.09,180.61,762.77,0.5163,0.825,0.799890614,21.7667,1.6244,8,monsoon,277.8333,11.7726,234,winter,0.318565413,19.71,33.51,4.45,0.43,9.95,1626.82,2.98,1.46,0.36,0,3.3,132.39,0.52,0.02,3.93,190.5,0.469,0.802,0.334,46.73,382.39,297.95,2.97,10.34,68.16,149.93,534.28
3081,3.47,223.76,1268.74,0.4871,0.8003,0.899908348,21.0,1.6279,6,monsoon,264.4333,10.9421,212,winter,0.332957746,19.79,32.74,4.03,0.29,9.5,1470.9,2.88,1.75,0.3,0,5.65,110.63,0.51,0.0,3.31,187.76,0.863,0.797,0.749,54.65,387.98,282.72,1.86,15.27,75.7,192.78,531.55
3082,3.41,206.0,1244.55,0.5296,0.8592,0.914946873,21.5333,1.6354,8,monsoon,275.8,10.3425,180,winter,0.328087953,20.51,33.31,4.28,0.43,10.44,1562.17,2.93,1.61,0.31,0,5.05,111.98,0.65,0.0,5.34,237.24,0.797,0.776,0.613,52.26,397.72,284.15,1.98,13.37,72.74,182.28,517.54
3083,3.07,182.54,1122.14,0.4427,0.7995,0.947723114,21.6333,1.5985,9,monsoon,269.2,11.9822,232,winter,0.358531127,19.06,32.05,4.01,0.23,9.8,1464.21,2.82,1.51,0.3,0,3.63,110.2,0.46,0.0,3.6,168.4,0.766,0.81,0.547,52.26,371.7,289.5,2.44,12.74,75.85,170.28,571.4
3085,2.13,101.13,779.53,0.4935,0.7519,0.819402564,22.6333,1.5939,9,monsoon,273.3,9.5116,225,winter,0.285884243,19.87,33.68,4.48,0.39,9.66,1636.39,2.97,1.53,0.41,0,3.48,148.53,0.52,0.02,3.87,188.53,0.476,0.794,0.37,48.07,382.85,298.18,3.28,10.95,69.45,142.41,530.15
3087,2.67,117.6,975.21,0.391,0.7243,0.924732147,20.8333,1.6938,7,monsoon,259.1,12.0699,239,winter,0.325329584,20.56,33.66,4.46,0.5,10.97,1629.84,2.99,1.55,0.3,0,3.5,109.51,0.59,0.02,3.77,217.01,0.598,0.8,0.452,49.64,390.92,289.07,2.51,11.44,72.53,170.56,558.99
3089,3.61,246.48,1318.09,0.5098,0.8483,0.876060617,22.4333,1.6617,8,monsoon,272.8333,10.7982,179,winter,0.332706277,19.85,32.75,4.2,0.33,9.85,1532.3,2.94,1.78,0.3,0,5.83,109.47,0.55,0.0,4.23,199.5,0.86,0.798,0.716,53.06,394.36,282.59,1.97,14.74,77.23,196.32,544.27
3091,3.3,219.83,1204.68,0.5673,0.7928,0.757343255,23.0333,1.4336,8,monsoon,269.0,7.9195,146,winter,0.280607411,22.51,33.23,4.02,0.28,8.63,1467.08,3.04,1.87,0.29,0,4.3,106.98,0.65,0.01,4.03,237.17,0.821,0.765,0.496,60.07,408.63,282.77,2.17,14.33,70.61,169.04,535.99
3092,4.28,229.66,1564.36,0.3931,0.6544,0.779353376,17.8667,1.4685,6,monsoon,226.3,6.669,149,winter,0.306133977,21.81,32.08,3.56,0.23,7.61,1299.33,2.88,1.94,0.32,0,6.64,117.16,0.63,0.01,3.45,231.16,1.204,0.732,0.799,65.31,380.8,281.3,1.81,16.51,64.67,176.65,563.19
3094,3.04,140.53,1109.9,0.3986,0.7398,0.931907805,22.0333,1.7533,8,monsoon,260.7333,11.0636,157,winter,0.342514492,19.09,32.07,4.16,0.25,10.28,1518.17,2.85,1.55,0.3,0,3.2,108.4,0.48,0.0,3.65,175.98,0.731,0.813,0.523,50.94,377.63,289.11,2.31,12.54,75.83,169.87,570.61
3098,2.62,140.28,956.41,0.471,0.7478,0.789884725,21.7667,1.5365,7,monsoon,266.7333,8.2751,137,winter,0.275785101,21.45,33.67,4.24,0.42,9.6,1550.13,2.94,1.6,0.3,0,3.39,108.2,0.65,0.01,4.32,237.36,0.617,0.777,0.418,53.86,396.13,289.02,2.76,11.51,66.99,158.24,546.57
3099,4.13,271.52,1509.91,0.4805,0.7595,0.857149195,21.2333,1.451,7,monsoon,255.2667,7.712,172,winter,0.306254683,20.66,32.41,3.81,0.25,8.8,1390.22,2.82,1.76,0.28,0,4.74,103.57,0.72,0.0,4.25,262.09,1.086,0.737,0.73,60.54,382.61,285.41,2.24,14.27,62.22,171.94,551.21
3103,3.09,104.73,1128.71,0.338,0.6468,0.924751601,20.4667,1.8892,7,monsoon,245.4,12.4148,157,winter,0.329756318,20.19,33.16,4.3,0.69,10.21,1571.46,2.95,1.6,0.3,0,3.03,110.14,0.56,0.02,3.73,205.49,0.718,0.799,0.543,51.3,390.26,286.87,2.26,12.75,74.68,178.2,555.78
3105,4.13,140.84,1508.2,0.4201,0.6907,0.8642513,20.6,1.5489,7,monsoon,244.7,7.8935,166,winter,0.333456153,21.99,32.26,3.61,0.19,7.86,1319.77,2.96,1.87,0.3,0,6.64,111.19,0.68,0.01,3.7,249.01,1.143,0.727,0.674,63.13,388.65,282.11,1.6,15.99,63.4,172.14,469.53
3107,3.84,304.04,1401.76,0.5298,0.8319,0.913240731,22.4333,1.7572,7,monsoon,271.7333,11.1214,185,winter,0.334942581,20.75,33.39,4.17,0.25,9.19,1522.91,2.97,1.81,0.33,0,6.64,121.24,0.56,0.0,4.12,205.98,0.92,0.785,0.744,54.9,395.85,280.07,1.81,16.03,74.5,196.23,506.74
3109,2.05,119.93,748.86,0.4533,0.7143,0.788229966,21.6,1.7657,7,monsoon,263.2,12.8809,233,winter,0.308988422,19.56,33.29,4.39,0.57,9.28,1604.85,2.95,1.48,0.36,0,2.69,130.99,0.48,0.03,3.7,176.53,0.467,0.808,0.338,48.45,380.82,299.99,3.03,10.02,66.65,145.33,533.65
3110,2.05,174.06,748.95,0.5604,0.888,0.794265184,22.3,1.5667,6,monsoon,285.6,11.4393,234,winter,0.31143056,19.57,33.51,4.44,0.49,9.96,1621.6,2.97,1.43,0.37,0,3.54,134.8,0.51,0.01,4.26,184.85,0.462,0.803,0.321,45.69,384.43,298.39,2.99,10.2,68.59,146.11,531.47
4003,2.58,104.86,941.44,0.5455,0.673,0.855910015,21.3,1.9722,16,monsoon,253.1667,10.8655,177,winter,0.297114391,19.9,31.57,3.95,0.47,7.45,1441.12,2.94,1.67,0.44,0,2.97,160.87,0.64,0.04,2.97,235.34,0.653,0.725,0.579,60.56,379.15,298.4,2.55,13.25,68.2,165.93,569.63
4004,2.16,74.96,789.42,0.3546,0.5123,0.569033877,15.5667,1.4548,7,monsoon,222.2333,8.2717,161,winter,0.215758789,19.91,31.46,4.25,0.59,7.29,1551.77,3.0,1.72,0.43,0,2.53,158.29,0.52,0.04,2.65,190.92,0.509,0.775,0.456,56.6,389.76,305.08,3.49,11.73,62.89,139.11,481.16
4005,2.19,129.04,798.62,0.4888,0.6773,0.518574826,19.7,1.3873,8,monsoon,255.4,7.4897,160,winter,0.232814434,19.28,30.61,4.08,0.37,8.05,1489.1,2.96,1.65,0.47,0,4.95,171.3,0.62,0.02,3.56,225.11,0.536,0.734,0.293,58.48,387.74,307.77,3.42,12.05,63.7,147.41,525.06
4006,1.98,64.11,722.72,0.4755,0.6296,0.612233668,19.0,1.4358,7,monsoon,245.7,7.6542,150,winter,0.236500566,20.65,31.88,4.24,0.36,7.66,1547.65,2.93,1.69,0.44,0,2.81,162.12,0.54,0.03,2.9,197.3,0.467,0.768,0.499,57.58,385.62,304.51,3.4,12.02,65.33,148.06,535.51
4007,2.24,113.78,816.91,0.4449,0.7526,0.81603941,20.8,1.4545,6,monsoon,268.5,7.7601,155,winter,0.254903169,21.71,33.65,4.23,0.4,9.27,1546.69,2.9,1.57,0.3,0,3.06,108.56,0.6,0.02,4.36,218.24,0.528,0.789,0.363,54.2,395.53,292.31,3.16,10.43,64.1,150.44,536.89
4012,2.18,186.13,797.42,0.51,0.8823,0.770219594,22.9,1.4313,6,monsoon,287.8333,8.5074,156,winter,0.24293233,21.98,33.73,4.31,0.3,9.41,1576.03,2.9,1.58,0.26,0,3.19,95.49,0.56,0.01,4.03,205.45,0.506,0.809,0.309,54.93,400.38,292.9,3.25,9.83,61.92,147.16,524.21
4013,3.56,132.76,1299.17,0.3938,0.5283,0.768249753,17.6667,1.8339,8,monsoon,212.9667,8.6455,151,winter,0.222127432,19.43,30.3,3.88,0.37,7.35,1418.77,3.2,2.19,0.55,0,3.26,199.31,0.65,0.06,3.1,237.5,0.916,0.692,0.917,63.83,387.6,302.18,2.73,16.66,68.68,161.84,516.43
4015,4.18,145.45,1527.02,0.4092,0.5556,0.810076399,17.9333,1.8811,12,monsoon,211.2333,7.6166,150,winter,0.176456274,19.38,29.79,3.73,0.29,6.75,1363.43,3.43,2.71,0.67,0,5.43,246.06,0.68,0.03,2.83,247.23,1.12,0.638,1.276,66.64,384.33,299.29,2.02,20.99,71.18,166.4,487.43
4016,4.79,166.89,1747.81,0.3928,0.5483,0.815505498,18.3667,2.0036,10,monsoon,207.3333,8.2603,150,winter,0.195138417,19.4,29.93,3.73,0.3,6.8,1363.31,3.39,2.58,0.63,0,4.09,229.19,0.67,0.03,2.81,245.25,1.282,0.652,1.402,67.39,386.75,298.02,2.16,20.24,71.24,170.5,502.45
4017,2.18,68.77,797.7,0.4084,0.5595,0.776060561,17.8667,1.6096,12,monsoon,234.6333,9.6293,173,winter,0.25539744,20.46,32.06,4.31,0.69,7.89,1576.04,2.92,1.67,0.44,0,2.76,159.36,0.56,0.05,3.04,204.14,0.506,0.769,0.542,56.59,385.05,302.13,3.18,11.76,65.69,150.74,537.18
4018,2.23,101.38,813.29,0.5896,0.7985,0.808696906,22.2333,1.4344,8,monsoon,277.6333,8.11,177,winter,0.27250932,20.92,33.32,4.26,0.28,9.12,1554.47,2.95,1.59,0.37,0,3.4,135.29,0.58,0.01,4.3,211.01,0.523,0.777,0.399,50.84,392.13,294.93,3.09,11.69,70.65,155.33,528.35
4019,2.07,59.43,754.48,0.3827,0.5311,0.790745331,18.2667,1.6657,8,monsoon,235.1333,10.3583,156,winter,0.254819443,20.2,32.54,4.51,0.84,8.58,1645.91,2.89,1.56,0.4,0,2.36,145.12,0.52,0.06,2.99,189.83,0.458,0.796,0.434,52.65,385.8,301.86,3.24,10.57,65.04,145.25,531.93
4021,3.07,134.15,1122.44,0.5903,0.711,0.882190546,20.7333,2.0872,16,monsoon,252.6667,11.5198,180,winter,0.310771754,20.0,31.41,3.79,0.44,7.15,1385.61,2.92,1.74,0.46,0,3.4,166.41,0.71,0.04,2.76,258.13,0.81,0.694,0.723,63.37,376.25,293.21,2.26,14.48,68.52,175.94,580.82
4022,2.94,143.54,1073.19,0.4644,0.7025,0.76780585,22.2667,1.5321,8,monsoon,258.2333,7.889,142,winter,0.271475555,22.5,33.54,4.08,0.4,8.97,1491.61,3.03,1.77,0.27,0,3.31,100.22,0.67,0.02,4.15,243.34,0.719,0.77,0.465,58.75,408.19,284.37,2.57,12.73,68.26,163.0,553.28
4023,1.89,67.05,689.69,0.4193,0.7065,0.704041573,19.9667,1.4717,7,monsoon,261.3333,6.7009,169,winter,0.194366007,18.86,29.92,3.82,0.49,7.22,1396.52,2.99,1.83,0.44,0,2.91,162.29,0.57,0.02,2.88,207.29,0.494,0.735,0.338,60.76,378.65,307.13,3.12,12.08,59.91,146.13,524.32
4024,1.46,73.85,534.38,0.5853,0.8811,0.717678786,21.8333,1.4719,7,monsoon,295.3,9.3057,220,winter,0.165414577,20.01,32.83,4.99,0.59,10.32,1821.58,2.7,1.43,0.35,0,3.24,129.32,0.44,0.02,3.5,160.13,0.293,0.841,0.391,49.27,385.63,305.3,3.85,8.38,63.18,138.77,530.69
4025,2.84,169.83,1038.53,0.4928,0.609,0.773091953,19.6333,1.5919,13,monsoon,239.3333,8.2719,170,winter,0.270657998,19.55,30.66,3.87,0.37,7.59,1412.49,3.09,1.99,0.51,0,5.13,186.71,0.72,0.03,3.57,263.31,0.735,0.681,0.666,64.61,387.85,302.74,2.94,15.78,70.49,168.56,515.98
4026,2.84,102.98,1036.19,0.5054,0.6459,0.885743332,20.8667,2.0325,16,monsoon,245.7,11.5714,177,winter,0.30127242,20.14,31.61,3.94,0.47,7.33,1438.86,2.95,1.71,0.46,0,3.13,166.87,0.66,0.04,3.0,239.79,0.72,0.717,0.645,61.1,380.49,298.09,2.54,13.55,68.83,168.24,571.58
4028,2.99,176.7,1093.38,0.5462,0.7624,0.755707335,21.9667,1.4547,8,monsoon,269.4333,7.7721,151,winter,0.267597916,22.57,33.26,4.07,0.36,9.1,1485.99,3.05,1.79,0.27,0,3.24,97.5,0.62,0.01,4.12,227.19,0.736,0.781,0.48,60.06,413.47,282.53,2.41,12.94,70.85,169.25,571.27
4030,2.14,105.5,780.0,0.5153,0.7327,0.823314045,22.2667,1.5286,8,monsoon,268.7,8.2932,177,winter,0.275227293,20.78,33.46,4.44,0.42,9.47,1620.78,2.98,1.58,0.39,0,3.13,141.9,0.57,0.01,4.26,209.7,0.481,0.783,0.392,48.99,392.17,296.23,3.11,11.31,68.86,148.6,519.01
4031,2.17,76.8,793.22,0.3561,0.5131,0.571411541,15.4333,1.429,7,monsoon,222.1667,8.2386,161,winter,0.215870563,19.86,31.37,4.24,0.58,7.31,1547.17,3.0,1.73,0.44,0,2.53,158.99,0.53,0.04,2.67,191.83,0.513,0.773,0.462,56.86,389.33,305.26,3.49,11.82,62.96,139.74,482.64
4032,3.03,165.58,1108.02,0.5031,0.5898,0.760716402,18.6333,1.6888,10,monsoon,234.2667,8.4879,132,winter,0.267950263,19.88,30.94,3.88,0.42,7.39,1417.26,3.14,1.98,0.48,0,3.69,177.05,0.67,0.03,3.04,246.18,0.782,0.701,0.805,64.36,389.2,301.37,3.15,15.37,72.46,173.33,543.0
4038,2.37,95.39,864.6,0.5991,0.6611,0.780845592,21.4667,1.8559,11,monsoon,257.0,12.4155,210,winter,0.284881976,19.6,31.96,4.3,0.64,8.73,1570.47,2.85,1.52,0.35,0,2.62,127.44,0.51,0.04,3.18,185.58,0.551,0.801,0.429,54.95,377.06,304.13,2.98,10.21,63.96,152.11,562.46
4039,1.79,93.43,655.57,0.525,0.7192,0.55747484,20.6,1.4142,7,monsoon,267.2,7.5623,173,winter,0.223855587,20.51,31.92,4.2,0.34,7.66,1533.92,2.95,1.66,0.44,0,3.07,162.01,0.57,0.01,3.02,209.44,0.427,0.758,0.41,58.61,385.86,305.9,3.49,12.62,66.33,150.74,547.9
4040,2.7,115.39,987.43,0.3857,0.5096,0.651118147,16.1333,1.5268,8,monsoon,217.5667,8.9289,157,winter,0.225926615,19.81,31.13,4.08,0.52,7.44,1491.95,3.09,1.94,0.47,0,2.75,172.21,0.57,0.06,2.96,209.73,0.662,0.744,0.656,60.23,388.79,304.39,3.26,13.74,66.13,150.83,508.26
4041,2.57,166.58,937.82,0.5002,0.789,0.817898653,22.1667,1.4488,8,monsoon,274.9667,8.3746,157,winter,0.264073799,22.2,33.93,4.16,0.31,9.16,1521.19,2.99,1.69,0.26,0,3.68,96.25,0.65,0.01,4.21,236.87,0.617,0.781,0.426,57.6,405.41,287.16,2.88,11.36,64.76,154.13,550.94
4044,4.07,261.69,1486.52,0.7846,0.7536,0.861168369,20.3667,2.0572,18,monsoon,260.2,13.6708,238,winter,0.350597493,20.49,31.47,3.81,0.26,7.09,1393.17,2.96,1.72,0.42,0,3.54,153.9,0.61,0.03,2.97,223.22,1.067,0.729,0.793,61.05,374.9,302.17,2.78,12.91,69.7,174.56,588.54
4047,2.93,132.08,1068.51,0.5717,0.6897,0.877908529,20.5667,1.8754,16,monsoon,253.3667,10.0675,180,winter,0.301854369,20.84,31.75,3.88,0.36,6.93,1416.91,3.08,1.91,0.52,0,4.81,189.85,0.72,0.05,3.12,262.03,0.754,0.681,1.015,64.52,383.35,297.82,2.54,15.17,69.42,172.91,553.38
4048,3.19,150.01,1165.76,0.6727,0.7127,0.862604338,21.5,1.9605,16,monsoon,256.8667,11.2496,201,winter,0.313771967,20.77,31.59,3.81,0.38,7.02,1390.3,3.03,1.86,0.52,0,3.93,191.27,0.77,0.03,3.06,281.13,0.838,0.66,0.838,64.49,383.59,294.26,2.47,15.14,70.42,180.54,573.68
4049,2.08,113.38,758.11,0.6109,0.7205,0.745110492,21.3333,1.7251,9,monsoon,266.5,11.4378,210,winter,0.268667329,19.5,31.8,4.33,0.52,8.89,1582.11,2.79,1.47,0.34,0,2.74,123.66,0.49,0.04,3.05,180.14,0.479,0.808,0.339,55.12,376.71,304.35,2.91,9.7,63.39,150.06,563.44
4050,6.55,253.56,2391.83,0.4174,0.577,0.912008042,19.4667,2.4232,12,monsoon,208.7,8.249,156,winter,0.176702367,19.38,29.79,3.67,0.28,6.56,1341.92,3.49,2.76,0.63,0,3.78,230.56,0.65,0.02,2.63,237.39,1.782,0.651,2.03,70.93,389.03,292.42,2.01,22.03,73.92,184.57,518.65
4051,1.5,103.93,547.66,0.6508,0.932,0.735157882,21.6333,1.4584,7,monsoon,298.7667,9.5964,220,winter,0.175511642,19.99,33.11,5.05,0.65,10.61,1843.79,2.69,1.41,0.34,0,3.35,124.19,0.4,0.02,3.51,146.96,0.297,0.853,0.374,48.09,386.32,305.56,3.75,7.72,63.14,139.63,538.2
4054,2.09,92.65,764.32,0.496,0.6261,0.791173059,21.4667,1.7989,8,monsoon,253.4667,11.2485,200,winter,0.260454061,19.66,32.21,4.53,0.7,9.26,1652.89,2.81,1.48,0.35,0,2.49,127.91,0.48,0.04,3.22,175.38,0.462,0.817,0.394,52.91,379.73,304.22,3.16,9.59,63.92,148.25,555.47
4055,1.55,115.56,565.26,0.5991,0.8684,0.661037518,21.2667,1.4769,7,monsoon,289.8,8.9629,220,winter,0.18125867,20.36,32.72,5.06,0.61,10.38,1846.92,2.75,1.47,0.39,0,3.17,141.71,0.45,0.01,3.4,165.46,0.306,0.834,0.384,49.06,388.27,304.1,3.94,8.94,62.95,135.75,514.64
4056,4.42,163.3,1614.92,0.6019,0.6583,0.941016166,20.7667,2.3333,16,monsoon,242.2667,11.6474,202,winter,0.334589585,21.23,31.75,3.82,0.37,6.97,1395.73,3.03,1.82,0.56,0,4.95,202.9,0.76,0.04,3.1,276.02,1.157,0.657,1.051,65.34,385.97,294.39,2.41,15.67,72.29,184.75,585.45
4057,1.62,52.74,591.06,0.3948,0.6889,0.67953421,20.3,1.5696,9,monsoon,266.3,7.4873,170,winter,0.194585132,19.47,30.99,4.26,0.59,7.68,1555.8,2.91,1.52,0.4,0,3.15,146.77,0.48,0.02,2.52,176.03,0.38,0.793,0.253,54.87,387.17,307.44,3.73,10.03,59.62,132.14,467.19
4060,2.15,60.38,785.19,0.2999,0.4715,0.761297956,14.9,1.6617,9,monsoon,218.1,9.2677,151,winter,0.241492431,20.58,32.55,4.38,1.02,7.96,1600.09,2.94,1.64,0.38,0,2.07,139.54,0.53,0.05,2.7,194.82,0.491,0.791,0.424,54.34,390.68,300.23,3.25,10.93,64.37,144.45,516.02
4061,1.87,77.83,682.47,0.557,0.7534,0.764696723,23.2667,1.7582,8,monsoon,278.8333,9.9702,219,winter,0.243393649,19.25,33.16,4.83,0.73,10.95,1763.42,2.81,1.37,0.38,0,3.05,137.31,0.47,0.02,4.01,170.4,0.387,0.826,0.283,46.3,384.56,301.56,3.4,9.22,65.28,138.45,528.84
4062,2.1,64.12,767.27,0.3092,0.4776,0.745227273,15.2,1.6462,9,monsoon,219.8667,9.2771,151,winter,0.239279062,20.42,32.47,4.4,1.02,8.02,1606.46,2.94,1.62,0.39,0,2.04,142.6,0.52,0.05,2.7,191.61,0.478,0.792,0.422,53.97,389.32,301.35,3.3,10.82,64.21,143.43,513.65
4063,4.12,148.51,1504.48,0.6028,0.7096,0.903262225,20.4,2.2751,16,monsoon,249.3667,12.4063,185,winter,0.327009321,20.35,31.24,3.72,0.37,6.92,1360.1,2.99,1.88,0.53,0,5.06,191.96,0.79,0.03,3.11,289.57,1.106,0.646,1.099,66.29,381.42,287.14,2.05,16.67,72.47,194.97,618.41
4064,1.99,61.09,728.49,0.4191,0.5801,0.813648224,20.1333,1.7609,8,monsoon,246.6,10.4344,173,winter,0.256550982,19.92,32.83,4.66,0.79,9.46,1700.6,2.85,1.48,0.37,0,2.51,135.25,0.49,0.05,3.15,179.86,0.428,0.815,0.361,49.92,385.24,301.84,3.27,9.72,64.76,143.04,534.22
5001,2.91,85.64,1062.3,0.3825,0.5519,0.69016732,17.5333,1.453,7,monsoon,219.1667,6.7229,149,winter,0.185553534,18.48,28.99,3.64,0.4,6.9,1328.41,3.08,2.21,0.56,0,4.23,205.72,0.62,0.04,2.79,226.47,0.8,0.675,0.794,67.28,380.46,295.19,2.78,18.06,66.32,162.83,520.31
5002,2.68,72.99,977.37,0.2788,0.4748,0.516697194,14.4,1.2934,5,monsoon,198.6333,6.8103,151,winter,0.16598533,18.73,29.39,3.82,0.5,6.86,1393.65,3.08,2.15,0.53,0,2.83,191.81,0.67,0.06,2.58,245.56,0.701,0.686,0.608,62.68,384.51,303.59,2.83,16.22,63.19,151.6,499.4
5004,1.95,88.64,712.35,0.3869,0.7127,0.507632302,19.6,1.4033,6,monsoon,261.1667,6.819,122,winter,0.171569226,19.87,30.11,4.25,0.38,7.13,1552.89,3.2,1.97,0.28,0,2.6,103.65,0.71,0.06,3.28,261.03,0.459,0.765,0.368,62.83,402.61,306.72,3.92,11.66,57.96,138.02,474.57
5005,2.34,131.71,855.04,0.4448,0.7734,0.606758676,22.4333,1.3992,6,monsoon,271.8333,7.3801,123,winter,0.170973601,20.14,31.25,4.17,0.31,7.01,1524.43,3.02,1.98,0.41,0,4.13,150.85,0.72,0.02,3.46,264.18,0.561,0.728,0.405,60.34,390.01,304.08,3.34,13.68,57.01,134.42,454.58
5007,3.0,104.58,1097.32,0.3895,0.5824,0.640990121,19.2,1.44,7,monsoon,225.6333,6.1037,150,winter,0.182953448,17.95,28.35,3.59,0.32,6.91,1312.53,3.15,2.4,0.64,0,5.01,232.9,0.6,0.02,2.41,219.02,0.836,0.656,0.9,69.6,383.6,299.05,2.15,23.34,72.47,173.23,509.6
5008,2.63,69.34,959.33,0.2482,0.4607,0.396976262,13.9,1.3072,4,monsoon,193.5333,6.3109,150,winter,0.159669883,19.08,29.69,3.86,0.59,6.7,1411.46,3.1,2.17,0.51,0,2.57,188.04,0.7,0.06,2.54,255.42,0.68,0.686,0.569,62.58,387.18,303.85,2.65,16.44,63.16,150.54,486.38
5010,5.02,197.53,1834.63,0.3938,0.555,0.860039483,16.8333,1.965,12,monsoon,197.4,6.5581,150,winter,0.09761478,19.82,29.64,3.62,0.25,6.67,1321.37,3.44,2.95,0.88,0,6.28,322.98,0.65,0.01,2.61,238.25,1.388,0.575,1.735,73.94,383.21,293.24,1.63,28.59,79.27,189.4,497.83
5012,2.5,54.35,914.56,0.2374,0.4572,0.324769608,13.8,1.3227,4,monsoon,194.2,6.1651,122,winter,0.158302203,19.66,30.16,3.98,0.6,6.68,1452.87,3.09,2.12,0.48,0,2.44,174.31,0.7,0.07,2.54,257.0,0.629,0.703,0.521,62.37,390.48,304.03,2.78,15.66,62.32,148.5,481.87
5013,5.25,189.25,1918.95,0.3246,0.5387,0.847857198,15.8333,1.9547,9,monsoon,195.7,6.0154,150,winter,0.065084398,19.37,29.11,3.39,0.3,6.05,1238.61,3.57,3.26,0.67,0,4.08,244.42,0.61,0.02,2.22,221.39,1.549,0.624,1.957,77.25,392.0,288.45,1.26,30.34,82.36,206.86,546.58
5014,2.23,159.0,814.54,0.3494,0.7029,0.620733457,19.3333,1.4216,6,monsoon,256.5333,6.4564,121,winter,0.178310616,21.19,31.21,4.29,0.42,6.91,1568.29,3.03,2.0,0.38,0,2.7,137.53,0.77,0.05,3.07,282.42,0.519,0.732,0.391,63.28,394.64,304.42,3.06,14.95,60.12,143.01,459.46
5015,3.0,123.84,1096.88,0.3231,0.6207,0.439906304,18.8667,1.4895,6,monsoon,225.3333,5.5184,105,winter,0.119876334,19.05,29.09,3.7,0.41,6.22,1349.68,3.11,2.76,0.61,0,4.37,223.39,0.83,0.02,2.8,301.42,0.813,0.611,1.026,73.49,377.72,302.58,1.76,26.05,74.09,176.93,460.47
5017,4.96,191.36,1812.15,0.4302,0.5977,0.859685887,18.5333,1.9716,18,monsoon,216.1667,7.3277,150,winter,0.191942997,19.49,29.77,3.6,0.35,6.65,1313.49,3.27,2.6,0.8,0,10.22,290.6,0.7,0.01,2.82,255.33,1.38,0.584,1.899,74.38,389.52,279.07,1.79,26.83,78.67,203.04,545.27
5018,2.89,108.97,1055.45,0.2901,0.569,0.550017061,16.8667,1.4375,6,post-monsoon,217.1667,5.4979,106,winter,0.145930232,19.34,29.53,3.71,0.35,5.99,1353.71,3.1,2.44,0.55,0,2.91,201.68,0.81,0.03,2.68,296.95,0.78,0.632,0.646,67.53,382.03,304.25,1.74,21.53,68.7,162.53,461.15
5021,2.34,105.09,852.93,0.4186,0.6896,0.594213246,20.4333,1.3964,8,monsoon,255.7333,6.4852,152,winter,0.186541458,19.77,30.84,3.96,0.3,7.45,1446.0,2.93,1.86,0.49,0,3.87,179.63,0.78,0.02,3.59,283.71,0.59,0.68,0.4,58.39,383.5,305.04,3.52,13.12,57.57,132.69,459.26
5022,3.47,244.67,1267.7,0.3271,0.6359,0.571586919,17.6667,1.4096,5,post-monsoon,219.8333,5.23,107,winter,0.140058727,19.04,29.1,3.66,0.39,6.25,1335.73,2.9,2.41,0.65,0,4.64,238.87,0.71,0.01,2.71,259.15,0.949,0.627,0.776,71.51,359.24,302.72,1.74,26.21,73.48,170.79,458.05
5023,2.89,182.6,1054.44,0.3774,0.7071,0.443473508,20.9,1.2718,5,monsoon,253.1333,5.5756,144,winter,0.172066383,21.57,32.08,4.07,0.37,6.5,1485.98,3.24,2.26,0.53,0,3.96,192.04,0.72,0.02,3.84,262.86,0.71,0.694,0.39,58.72,409.48,303.99,1.87,13.67,60.94,143.51,473.67
5024,2.59,96.07,947.33,0.4672,0.6684,0.565705314,20.8667,1.4491,7,monsoon,250.3333,7.1117,162,winter,0.168442461,19.31,29.76,3.54,0.36,6.58,1293.94,3.14,2.36,0.59,0,5.18,216.35,0.62,0.02,2.85,227.03,0.732,0.657,0.938,68.77,375.72,292.99,2.69,20.49,66.81,156.31,484.99
5025,2.46,162.95,899.24,0.4644,0.8307,0.526029643,22.6333,1.3366,7,monsoon,279.6667,7.1344,147,winter,0.185084602,23.18,33.85,4.26,0.4,6.78,1554.74,3.08,2.06,0.47,0,4.88,171.82,0.74,0.01,3.72,271.75,0.578,0.715,0.423,59.72,396.99,302.32,2.34,14.36,59.73,141.08,466.07
5027,2.36,81.82,860.87,0.3423,0.6152,0.628774285,19.1333,1.4034,5,monsoon,232.8667,5.7975,151,winter,0.193858902,18.67,29.72,3.98,0.39,7.27,1452.27,2.93,1.78,0.47,0,3.31,170.88,0.68,0.03,2.92,247.92,0.593,0.712,0.334,57.75,384.17,307.05,3.31,12.42,58.93,139.95,494.35
5028,3.04,107.57,1110.02,0.3053,0.5025,0.691806234,15.3333,1.3772,7,monsoon,202.5,6.1178,151,winter,0.161090653,18.37,28.6,3.62,0.34,6.71,1323.93,3.19,2.42,0.57,0,3.18,208.68,0.65,0.03,2.45,235.99,0.838,0.664,0.916,66.98,385.82,302.95,2.31,20.14,68.72,166.33,521.38
5029,2.63,74.48,961.49,0.2648,0.471,0.442530835,14.0333,1.2875,4,monsoon,197.0667,6.5398,151,winter,0.164378364,19.01,29.68,3.86,0.61,6.81,1411.7,3.09,2.15,0.52,0,2.83,188.79,0.69,0.06,2.59,250.91,0.681,0.689,0.572,62.16,386.72,303.76,2.74,16.04,62.68,149.6,491.03
6001,3.89,223.65,1421.2,0.3807,0.6516,0.766214784,17.5,1.4583,5,monsoon,227.9667,6.7915,137,winter,0.238204791,20.14,31.64,3.59,0.22,9.1,1309.63,2.78,1.87,0.24,0,2.94,86.92,0.48,0.0,4.08,174.43,1.085,0.8,0.727,60.63,387.82,279.93,1.97,16.12,73.21,181.23,554.77
6006,3.59,203.43,1311.85,0.3499,0.603,0.769665403,17.0333,1.5392,5,monsoon,222.0,7.5,128,winter,0.243889453,19.97,31.53,3.62,0.26,8.84,1322.65,2.78,1.87,0.23,0,2.87,85.68,0.5,0.0,3.85,180.85,0.992,0.798,0.704,60.06,385.72,280.19,2.06,15.63,71.76,180.43,555.96
6007,4.54,169.53,1656.7,0.3761,0.6545,0.620413659,19.4667,1.486,8,monsoon,230.7667,6.0305,152,winter,0.195205272,21.33,31.92,3.57,0.3,8.03,1305.0,2.82,2.09,0.25,0,3.45,91.93,0.45,0.0,3.61,164.69,1.27,0.803,0.989,65.34,389.33,276.18,1.84,19.12,71.04,177.47,517.72
6008,3.56,205.16,1298.63,0.3501,0.6062,0.769934583,16.8333,1.5781,5,monsoon,223.1333,7.6068,128,winter,0.244513933,19.85,31.47,3.62,0.25,8.8,1323.19,2.77,1.86,0.23,0,2.79,85.44,0.5,0.0,3.84,180.9,0.981,0.799,0.706,59.88,384.83,280.47,2.09,15.67,71.64,180.41,555.82
7001,4.19,182.69,1530.25,0.3967,0.6463,0.769039027,20.3333,1.4878,8,monsoon,238.2,6.691,205,winter,0.25001243,21.01,32.53,3.57,0.31,8.66,1303.56,2.85,2.01,0.26,0,5.63,93.24,0.52,0.0,3.65,190.8,1.174,0.782,0.756,66.65,399.8,274.93,1.54,16.02,63.54,173.21,563.02
7002,4.15,173.01,1515.77,0.3632,0.6149,0.692831415,16.0333,1.4755,5,monsoon,215.6667,6.6977,160,winter,0.223450114,20.92,32.25,3.52,0.3,8.27,1284.97,2.83,2.04,0.26,0,4.0,95.75,0.48,0.01,3.71,175.13,1.18,0.789,0.867,64.07,384.17,277.69,1.98,17.44,70.5,178.33,549.18
7005,3.79,193.97,1385.46,0.4261,0.6635,0.804110789,17.7,1.3686,5,monsoon,231.3667,6.3273,132,winter,0.231134468,20.65,32.3,3.66,0.27,8.91,1335.1,2.82,2.01,0.26,0,4.78,96.1,0.45,0.0,3.61,165.51,1.038,0.804,0.815,63.82,379.6,278.62,1.95,17.38,69.6,179.41,556.33
7007,3.64,92.26,1328.89,0.3349,0.5786,0.807404819,17.4667,1.6173,8,monsoon,220.1333,8.3279,167,winter,0.271912107,19.39,31.58,3.67,0.34,8.74,1341.89,2.77,1.85,0.25,0,2.96,89.91,0.52,0.0,3.97,188.88,0.99,0.792,0.747,59.38,380.11,283.46,1.97,15.46,67.41,175.57,536.39
7008,3.51,114.31,1281.54,0.3349,0.5837,0.764494488,16.9,1.5552,6,monsoon,221.7,7.7881,109,winter,0.259843839,19.32,31.4,3.65,0.3,8.75,1334.62,2.75,1.88,0.25,0,3.17,90.32,0.49,0.0,3.78,179.65,0.96,0.798,0.736,59.67,377.23,283.81,2.11,15.91,70.08,178.4,538.12
7009,3.83,95.28,1399.17,0.316,0.5448,0.794873827,16.4333,1.6655,8,monsoon,210.4333,8.3066,167,winter,0.269117201,19.9,31.89,3.65,0.39,8.77,1332.47,2.83,1.92,0.24,0,2.6,88.6,0.52,0.0,3.79,191.43,1.05,0.79,0.749,61.4,386.79,280.69,1.87,15.57,65.88,172.62,537.25
7011,3.52,103.44,1284.95,0.3348,0.5825,0.762358822,17.2,1.578,6,monsoon,221.5667,7.8108,109,winter,0.26285813,19.35,31.43,3.66,0.32,8.76,1335.51,2.77,1.88,0.25,0,3.13,89.88,0.5,0.0,3.86,183.27,0.962,0.795,0.735,59.49,378.95,283.44,2.07,15.75,69.22,177.88,539.11
7015,3.54,149.41,1294.41,0.3819,0.6411,0.843225563,20.5,1.5649,8,monsoon,241.2,8.1855,209,winter,0.286460058,19.13,31.56,3.61,0.2,8.84,1317.08,2.7,1.78,0.26,0,3.37,96.55,0.53,0.0,3.94,192.44,0.983,0.781,0.773,59.14,369.4,287.04,2.03,15.04,65.69,170.72,534.8
8001,2.98,112.69,1089.64,0.4513,0.7451,0.837122138,22.9667,1.5731,9,monsoon,268.1,10.181,193,winter,0.309990883,19.08,32.07,3.94,0.35,10.33,1439.79,2.82,1.7,0.26,0,4.31,94.99,0.63,0.0,3.67,229.29,0.757,0.775,0.579,53.8,382.26,287.5,1.96,13.32,62.89,154.08,508.85
8003,3.47,129.99,1267.73,0.3979,0.6755,0.902102389,22.1333,1.6395,10,monsoon,253.3,10.2828,185,winter,0.315789323,19.13,31.84,3.82,0.38,9.21,1395.11,2.79,1.72,0.26,0,2.98,96.04,0.58,0.0,3.88,210.65,0.909,0.78,0.677,56.02,379.99,287.71,1.8,13.71,63.79,169.09,504.66
8005,3.35,155.27,1222.08,0.5116,0.8216,0.875026398,20.8333,1.6534,8,monsoon,262.3,9.3567,162,winter,0.312184286,19.71,32.66,4.07,0.28,9.54,1488.25,2.85,1.8,0.31,0,5.25,113.19,0.63,0.0,4.02,228.97,0.821,0.77,0.669,58.01,385.32,283.22,1.79,15.32,64.51,171.42,451.56
8006,3.25,128.73,1185.99,0.3649,0.637,0.901060569,20.7,1.8105,8,monsoon,243.0667,11.4835,148,winter,0.314378147,19.56,32.36,4.02,0.37,10.13,1468.88,2.85,1.67,0.25,0,2.85,92.61,0.63,0.0,3.44,230.5,0.807,0.78,0.642,55.7,386.94,284.7,2.05,13.44,65.36,170.64,520.4
8009,3.46,232.04,1262.64,0.4414,0.7478,0.884094131,23.0667,1.5656,8,monsoon,261.7667,9.2935,176,winter,0.306769183,19.25,31.95,3.91,0.38,9.77,1428.53,2.77,1.76,0.28,0,4.39,102.43,0.55,0.0,3.56,201.92,0.884,0.787,0.66,55.15,383.46,287.23,1.71,14.12,62.42,162.55,471.07
8011,3.16,128.13,1154.91,0.3981,0.6729,0.904027368,20.7333,1.6631,9,monsoon,249.6667,11.0147,148,winter,0.313312608,19.53,32.39,4.06,0.35,10.41,1482.96,2.87,1.65,0.25,0,3.08,89.8,0.64,0.0,3.66,232.96,0.779,0.782,0.623,54.9,388.22,284.75,2.14,13.1,65.83,169.23,531.06
8013,3.84,195.08,1402.9,0.3794,0.6969,0.868200123,16.9667,1.7432,7,monsoon,232.7667,7.6821,157,winter,0.283108597,20.45,32.53,3.89,0.34,8.82,1419.99,2.83,1.86,0.28,0,3.46,103.05,0.6,0.01,4.5,218.27,0.988,0.774,0.692,59.04,390.03,282.61,1.81,15.41,67.17,175.22,533.24
8016,3.79,241.26,1384.2,0.4401,0.7698,0.86687143,17.7667,1.6867,7,monsoon,247.9,8.5287,180,winter,0.296908955,20.33,32.33,3.91,0.31,9.0,1426.49,2.83,1.81,0.28,0,4.02,102.7,0.63,0.01,4.63,230.71,0.97,0.766,0.666,58.34,390.02,284.21,1.84,14.78,67.51,174.08,537.53
8020,3.3,137.35,1206.83,0.4704,0.7605,0.881843839,22.1,1.6493,7,monsoon,259.7667,9.8149,185,winter,0.32217009,20.05,32.85,4.15,0.31,10.19,1516.3,2.93,1.66,0.25,0,3.54,92.78,0.69,0.0,3.77,251.44,0.796,0.773,0.681,56.56,389.8,283.0,2.24,13.27,64.88,172.52,514.78
8021,3.65,126.07,1332.35,0.4155,0.6803,0.856013874,22.3667,1.6247,13,monsoon,252.7333,9.8596,221,winter,0.309775903,19.18,31.81,3.78,0.18,8.78,1380.06,2.77,1.73,0.26,0,4.62,94.96,0.56,0.0,3.98,204.89,0.965,0.783,0.727,57.78,382.68,284.51,1.66,14.41,66.09,178.16,518.28
8023,3.39,165.64,1238.98,0.5117,0.7709,0.896665745,23.2333,1.4705,6,monsoon,272.6,10.4578,245,winter,0.318799048,18.62,31.63,3.77,0.25,9.57,1377.33,2.74,1.71,0.27,0,3.78,99.43,0.57,0.0,3.78,208.08,0.9,0.777,0.675,55.32,371.64,289.57,2.18,13.7,65.04,165.63,518.13
8028,3.16,226.1,1155.02,0.5021,0.8579,0.891139175,21.8,1.5874,7,monsoon,272.6333,9.4446,178,winter,0.315496016,19.59,32.46,4.14,0.19,10.69,1511.98,2.93,1.58,0.22,0,3.33,80.41,0.68,0.0,3.89,248.69,0.764,0.782,0.624,56.08,391.22,283.41,2.38,12.49,67.25,180.49,573.09
8029,3.37,160.81,1231.11,0.489,0.8168,0.875502453,20.1333,1.6193,7,monsoon,257.1667,9.7166,179,winter,0.317296028,19.75,32.61,4.07,0.26,9.77,1485.93,2.87,1.76,0.28,0,5.18,102.78,0.67,0.0,3.77,243.97,0.829,0.767,0.653,58.26,386.04,283.63,1.91,14.36,62.79,168.63,470.01
8030,3.15,200.02,1149.48,0.514,0.7997,0.905275758,20.9667,1.6005,6,monsoon,266.8333,10.1975,181,winter,0.309804652,19.96,32.67,4.09,0.27,10.63,1492.81,2.82,1.61,0.25,0,3.15,90.41,0.61,0.01,5.4,223.54,0.77,0.79,0.663,56.51,389.31,282.22,2.15,14.03,67.52,172.69,533.75
8031,3.59,213.55,1312.48,0.4932,0.782,0.912503685,20.3,1.5656,6,monsoon,258.4667,8.8114,196,winter,0.29909652,19.83,32.65,3.99,0.3,10.24,1458.82,2.79,1.61,0.22,0,3.73,79.37,0.62,0.0,6.54,225.41,0.9,0.791,0.659,57.61,393.16,281.44,2.0,13.88,68.61,174.34,552.58
8034,3.2,145.96,1170.06,0.3844,0.6683,0.893757867,20.5,1.7179,7,monsoon,245.5,11.4899,149,winter,0.313850212,19.64,32.47,4.06,0.33,10.32,1484.43,2.86,1.66,0.25,0,3.0,92.16,0.64,0.0,3.52,234.61,0.788,0.78,0.635,55.65,388.27,284.11,2.1,13.4,65.69,170.97,523.06
8035,3.18,144.28,1160.0,0.4432,0.7384,0.889929413,21.1667,1.6282,6,monsoon,256.4667,10.5397,167,winter,0.317432915,19.71,32.58,4.12,0.31,10.39,1504.38,2.9,1.62,0.24,0,2.8,88.69,0.66,0.0,3.73,241.05,0.771,0.781,0.634,55.38,389.53,283.57,2.28,13.09,67.08,173.37,539.56
8036,3.74,139.33,1366.76,0.4084,0.671,0.887297476,21.2,1.5474,5,monsoon,246.2333,9.131,189,winter,0.299423914,19.22,31.78,3.67,0.3,8.92,1341.71,2.74,1.72,0.24,0,3.56,88.1,0.58,0.0,4.08,213.09,1.019,0.776,0.761,57.65,379.76,285.16,1.87,14.25,65.23,173.75,534.81
8038,3.56,99.58,1299.88,0.3208,0.5824,0.9051029,18.9667,1.8779,6,monsoon,225.2667,10.429,110,winter,0.302334895,19.78,32.38,3.94,0.66,9.56,1439.03,2.84,1.76,0.25,0,2.43,92.51,0.6,0.01,3.38,219.14,0.903,0.783,0.68,57.16,388.67,283.07,1.95,14.13,66.43,173.31,530.48
9001,2.14,226.38,782.69,0.4826,0.8402,0.725139551,21.0333,1.418,7,monsoon,276.9667,7.4856,143,winter,0.241692411,22.71,34.41,4.49,0.34,8.75,1639.41,3.02,1.61,0.36,0,3.88,130.79,0.5,0.01,3.38,183.99,0.477,0.808,0.307,52.36,406.42,296.55,3.17,9.9,64.17,141.88,464.3
9002,1.87,93.99,684.28,0.4106,0.7074,0.684844132,19.4333,1.4324,7,monsoon,266.3333,7.3303,138,winter,0.210779068,21.41,32.83,4.48,0.48,7.86,1635.09,2.91,1.52,0.38,0,2.81,139.35,0.53,0.01,2.94,193.52,0.418,0.796,0.274,53.12,396.67,302.3,3.61,9.78,59.61,135.43,447.72
9005,1.93,128.85,705.37,0.4556,0.7835,0.655096156,21.4667,1.3473,5,monsoon,278.3,7.5013,155,winter,0.205689008,21.37,32.55,4.44,0.31,7.77,1621.87,2.89,1.51,0.4,0,3.26,147.26,0.56,0.02,3.2,203.42,0.435,0.784,0.271,55.62,391.31,303.73,3.58,10.31,57.69,138.69,461.73
9008,2.26,315.33,826.86,0.4389,0.8723,0.657586037,21.6,1.3671,5,monsoon,280.4,7.2517,135,winter,0.253811439,22.82,34.24,4.36,0.34,8.89,1593.92,2.95,1.69,0.33,0,4.53,122.02,0.54,0.02,3.43,196.75,0.519,0.8,0.346,57.64,404.28,293.77,2.85,10.0,57.39,139.75,458.6
9009,2.06,102.16,752.92,0.3532,0.6745,0.629816552,19.1667,1.4163,5,monsoon,256.2,6.9181,138,winter,0.224477522,21.79,33.05,4.46,0.48,8.02,1630.27,2.95,1.57,0.37,0,2.7,134.67,0.55,0.02,2.99,201.87,0.462,0.794,0.294,55.04,398.05,300.48,3.43,10.13,59.6,137.73,455.95
9011,1.74,99.4,635.21,0.5288,0.8702,0.685895104,20.9667,1.3734,8,monsoon,288.4667,8.2893,152,winter,0.194620369,20.86,32.21,4.46,0.31,7.87,1630.52,2.86,1.47,0.41,0,3.78,148.26,0.55,0.01,3.25,200.66,0.39,0.786,0.267,53.53,391.23,303.91,3.74,9.96,57.86,133.81,439.31
9012,1.68,82.04,613.43,0.4585,0.7714,0.728101874,20.7667,1.5048,7,monsoon,277.0,7.6239,137,winter,0.196686557,20.61,32.07,4.4,0.44,7.75,1608.49,2.86,1.44,0.39,0,2.89,141.56,0.53,0.01,2.96,192.13,0.381,0.793,0.26,52.51,392.13,305.78,3.88,9.58,58.01,128.62,430.28
10004,2.47,192.04,900.65,0.874,1.0165,0.891040957,21.8667,1.9181,21,monsoon,296.5333,16.1745,285,winter,0.369091699,19.58,32.96,4.28,0.25,8.87,1562.62,2.92,1.22,0.28,0,4.72,102.76,0.56,0.01,3.91,204.22,0.576,0.804,0.356,46.88,377.73,301.44,3.05,9.5,71.51,164.97,537.07
10005,2.34,193.24,854.57,0.7977,1.0527,0.916472056,21.1667,1.804,8,monsoon,305.6,16.2265,286,winter,0.32994796,19.04,32.56,4.46,0.23,10.5,1628.16,2.85,1.26,0.28,0,4.37,100.5,0.56,0.0,4.04,205.65,0.525,0.812,0.355,44.86,373.01,300.67,2.66,9.66,74.4,174.9,523.62
10008,2.37,168.25,864.36,0.6987,0.935,0.906035542,21.3333,2.0063,9,monsoon,290.2667,19.0131,267,winter,0.349149991,19.24,32.78,4.35,0.42,9.38,1589.76,2.88,1.26,0.25,0,3.27,92.97,0.6,0.02,4.1,218.72,0.544,0.804,0.352,45.47,378.43,302.89,2.93,8.98,69.32,162.74,521.57
10010,2.69,236.46,983.26,0.6533,0.9756,0.886898496,21.3,1.7177,8,monsoon,291.3,15.6333,261,winter,0.367263344,19.0,32.71,4.51,0.23,9.97,1645.93,2.91,1.26,0.29,0,4.16,105.25,0.52,0.01,4.12,188.95,0.597,0.821,0.39,46.07,373.95,298.77,3.13,10.12,74.94,169.31,552.02
10011,2.3,161.32,839.97,0.6374,0.9301,0.925288779,21.4667,1.9634,9,monsoon,290.1667,17.3406,266,winter,0.342862151,18.84,32.54,4.4,0.33,9.98,1607.21,2.86,1.26,0.26,0,3.57,93.23,0.59,0.03,4.03,216.41,0.523,0.807,0.332,44.65,374.63,302.54,2.85,8.99,69.7,164.18,522.21
10013,2.69,212.45,981.83,1.1049,1.0344,0.887626857,21.6,2.0124,14,monsoon,300.2,18.8017,288,winter,0.346245213,20.9,33.83,4.36,0.28,8.11,1593.03,2.97,1.29,0.25,0,3.94,89.99,0.71,0.02,4.67,261.1,0.616,0.78,0.411,50.5,387.0,304.75,2.94,9.57,67.91,166.14,519.8
10014,1.98,133.87,722.54,0.7708,0.9793,0.914495758,22.2,2.0182,9,monsoon,300.9,17.4266,271,winter,0.323202409,18.85,32.5,4.34,0.24,10.04,1583.57,2.82,1.23,0.24,0,3.78,86.5,0.63,0.02,4.29,231.36,0.456,0.799,0.288,43.8,373.35,305.56,2.7,8.24,64.75,156.49,503.07
11001,2.04,186.08,745.84,0.7762,1.0139,0.890316667,22.2,2.1346,12,monsoon,302.7333,19.8297,271,winter,0.337862102,18.7,32.53,4.04,0.25,8.71,1475.18,2.86,1.29,0.25,0,3.99,90.13,0.73,0.03,4.6,266.93,0.506,0.758,0.332,45.03,372.48,307.12,2.34,7.86,58.89,149.12,477.01
11005,1.89,186.21,691.02,0.8337,1.0284,0.886582146,23.0,1.9114,9,monsoon,305.4,18.1067,271,winter,0.332095302,18.46,32.34,4.01,0.19,8.77,1465.49,2.85,1.32,0.27,0,5.02,98.69,0.74,0.01,4.54,270.25,0.472,0.748,0.347,46.19,364.98,305.57,2.14,8.44,60.1,152.5,465.47
11006,1.97,183.12,719.75,0.7976,1.0114,0.89445381,22.5,1.9622,9,monsoon,304.1667,18.4343,271,winter,0.33267055,18.47,32.35,3.97,0.19,8.58,1448.57,2.84,1.32,0.26,0,5.04,95.69,0.73,0.01,4.56,267.9,0.497,0.749,0.34,45.7,366.48,306.83,2.11,8.12,59.43,150.22,466.06
11007,2.28,188.85,832.91,1.0436,1.1215,0.878672143,21.0667,2.0586,18,monsoon,308.9,20.0584,290,winter,0.342407308,19.35,32.79,4.37,0.22,9.44,1597.4,2.87,1.18,0.25,0,4.61,89.76,0.61,0.02,4.55,221.47,0.521,0.805,0.338,44.07,382.87,306.73,3.19,8.38,66.78,157.42,507.54
11010,2.2,120.97,805.0,0.7932,1.0082,0.88015352,22.0333,2.3193,11,monsoon,300.5,21.567,271,winter,0.340774717,19.44,32.95,4.26,0.43,8.9,1554.29,2.89,1.23,0.24,0,3.56,88.62,0.69,0.04,4.54,251.19,0.518,0.781,0.334,45.0,380.45,307.35,2.79,7.8,60.12,149.02,487.14
12001,3.32,119.7,1213.89,0.4032,0.723,0.844301798,22.5667,1.6313,7,monsoon,258.9333,9.4847,194,winter,0.330852153,19.06,32.29,3.97,0.23,9.49,1449.58,2.76,1.76,0.37,0,6.0,133.45,0.42,0.0,3.29,153.0,0.837,0.802,0.728,53.23,378.79,285.51,1.84,16.15,79.35,192.7,553.3
12004,3.31,95.15,1208.26,0.3492,0.6618,0.840459949,21.3,1.7459,7,monsoon,249.0,11.4395,203,winter,0.344315186,18.76,32.02,4.1,0.38,10.44,1497.98,2.81,1.69,0.33,0,3.33,119.56,0.48,0.0,3.66,174.27,0.807,0.804,0.654,52.8,376.02,287.38,2.08,14.03,77.13,186.53,560.74
12006,3.09,172.72,1129.56,0.4974,0.8518,0.895697396,22.9667,1.6174,8,monsoon,278.8333,11.815,263,winter,0.338647948,18.73,31.88,4.34,0.32,11.46,1583.8,2.86,1.35,0.3,0,4.28,109.05,0.45,0.0,4.43,163.45,0.713,0.828,0.517,50.49,374.03,288.68,2.5,12.13,77.81,168.58,591.26
12009,2.66,178.75,973.43,0.9395,0.974,0.941298088,21.5,1.9846,14,monsoon,293.0333,18.0885,266,winter,0.356945476,20.39,33.48,4.16,0.26,7.76,1518.42,2.89,1.47,0.27,0,4.31,98.43,0.62,0.02,4.23,226.83,0.641,0.786,0.446,49.17,386.2,302.93,2.95,9.74,71.18,166.17,530.37
12012,3.34,271.96,1220.44,0.6151,0.9728,0.931270974,20.6333,1.6775,7,monsoon,283.4,13.9836,230,winter,0.369171551,18.23,32.1,4.28,0.24,10.25,1562.15,2.88,1.5,0.34,0,5.61,125.35,0.58,0.01,4.25,210.46,0.781,0.785,0.571,49.39,378.29,287.96,2.25,12.7,76.66,194.49,549.49
12015,2.27,157.26,827.85,0.8708,1.0783,0.941182739,21.3667,1.6352,8,monsoon,302.7333,15.0864,286,winter,0.365779595,19.66,33.03,4.59,0.29,10.26,1676.96,2.84,1.38,0.25,0,4.81,90.05,0.54,0.01,4.43,198.68,0.494,0.828,0.328,44.2,382.25,300.55,3.07,8.96,69.26,154.2,540.79
12016,3.35,167.99,1225.09,0.4352,0.737,0.907007374,22.9,1.5473,7,monsoon,262.9667,9.0992,184,winter,0.324971194,18.98,32.0,3.86,0.31,9.76,1411.67,2.96,1.31,0.33,0,4.57,121.75,0.53,0.0,3.52,191.82,0.868,0.778,0.691,57.68,365.61,288.46,1.88,15.46,65.26,163.02,465.83
12018,3.08,202.72,1123.41,0.4904,0.8857,0.907912186,21.9,1.587,9,monsoon,277.9,11.6439,219,winter,0.356041752,18.5,31.79,4.21,0.24,10.58,1537.14,2.83,1.37,0.31,0,4.62,112.63,0.43,0.0,4.12,157.61,0.731,0.824,0.561,52.31,370.87,288.53,2.21,12.73,77.9,178.0,582.12
12020,2.95,87.51,1078.08,0.3305,0.6438,0.858519007,20.9333,2.0933,13,monsoon,250.9,15.714,205,winter,0.35261231,18.84,32.4,4.26,0.57,10.06,1554.97,2.74,1.64,0.3,0,2.62,109.58,0.52,0.01,3.44,189.01,0.693,0.808,0.521,49.34,379.53,291.41,2.43,11.9,75.32,177.75,557.41
12025,3.32,102.65,1211.04,0.3348,0.6684,0.825660417,20.7,1.959,10,monsoon,249.4333,13.4345,210,winter,0.341603829,18.58,32.0,4.14,0.45,10.18,1512.04,2.71,1.81,0.32,0,3.11,115.14,0.5,0.01,3.76,183.08,0.801,0.803,0.61,51.05,377.64,288.18,2.17,13.28,77.06,186.72,560.9
12026,3.32,107.77,1213.38,0.3362,0.6675,0.936012322,21.1333,1.9568,8,monsoon,249.1333,12.8862,210,winter,0.350943255,18.63,31.98,4.12,0.43,10.18,1503.61,2.83,1.53,0.32,0,3.08,116.04,0.49,0.01,3.67,178.91,0.807,0.804,0.624,51.67,376.96,287.93,2.13,13.53,77.1,186.54,561.14
12029,2.21,161.26,805.5,0.7552,0.9968,0.810334356,20.6667,1.6359,7,monsoon,293.1,14.2052,260,winter,0.344593539,19.5,33.2,4.48,0.36,9.98,1637.03,2.96,1.33,0.29,0,4.15,106.52,0.52,0.01,4.04,188.45,0.492,0.82,0.348,47.14,380.03,295.79,2.91,9.67,72.08,159.47,554.77
12035,3.1,102.85,1131.19,0.3351,0.6582,0.814498073,20.7333,1.9872,8,monsoon,250.5667,14.7392,205,winter,0.347989955,18.69,32.25,4.23,0.51,10.28,1543.27,2.79,1.69,0.31,0,2.67,111.84,0.51,0.01,3.61,187.53,0.733,0.806,0.558,49.67,379.2,289.61,2.34,12.43,76.36,182.11,560.99
12036,3.33,136.91,1214.69,0.4134,0.7066,0.942038755,22.7333,1.731,10,monsoon,259.1,9.9145,193,winter,0.340528459,18.85,32.03,3.94,0.33,9.88,1438.91,2.86,1.5,0.33,0,4.44,120.12,0.53,0.0,3.78,194.14,0.844,0.782,0.701,56.37,368.47,287.52,1.94,14.79,68.99,176.38,508.72
12038,3.27,115.98,1194.13,0.4058,0.6786,0.933603868,23.2667,1.6659,8,monsoon,258.1667,10.0454,192,winter,0.341850544,18.91,32.11,3.97,0.21,9.81,1450.09,2.85,1.59,0.36,0,4.41,130.65,0.45,0.0,3.43,165.27,0.823,0.796,0.701,55.5,373.42,286.43,1.85,15.98,77.59,192.05,552.62
12043,3.23,145.41,1179.92,0.4698,0.8089,0.906805049,21.7,1.769,9,monsoon,273.8667,13.1667,212,winter,0.34060776,18.5,31.94,4.14,0.25,10.93,1511.75,2.77,1.42,0.31,0,4.32,113.08,0.5,0.0,4.2,181.02,0.78,0.805,0.621,50.63,379.52,288.41,2.17,12.74,77.75,189.53,569.76
12044,2.11,226.97,770.79,0.7803,0.962,0.896529116,20.5333,1.7159,7,monsoon,293.2667,14.329,256,winter,0.346844619,19.84,33.35,4.42,0.25,9.78,1615.34,2.93,1.29,0.28,0,4.43,103.64,0.57,0.01,3.9,209.12,0.477,0.806,0.301,49.82,378.32,300.15,2.96,9.95,70.7,160.06,534.13
12046,3.27,93.18,1195.34,0.346,0.6701,0.919865325,21.6,1.8,7,monsoon,250.3,12.1505,198,winter,0.343145499,18.7,31.98,4.12,0.4,10.41,1504.73,2.81,1.56,0.32,0,3.02,117.67,0.48,0.0,3.66,174.29,0.794,0.806,0.637,52.25,376.31,287.66,2.11,13.75,77.35,186.34,563.63
13004,2.85,230.91,1040.59,0.5315,0.8535,0.918970134,20.9333,1.7019,6,monsoon,270.6,13.6897,216,winter,0.364291584,19.68,32.98,4.21,0.34,9.79,1537.42,2.9,1.47,0.32,0,3.53,118.54,0.56,0.01,3.93,205.57,0.677,0.789,0.512,50.22,379.31,289.34,2.22,12.34,75.73,183.58,554.62
13006,2.96,248.04,1082.0,0.5331,0.8699,0.920364577,21.1667,1.6888,6,monsoon,271.7,13.3842,218,winter,0.366696559,19.67,32.86,4.19,0.29,9.85,1531.8,2.88,1.5,0.34,0,3.55,122.54,0.55,0.01,3.76,201.9,0.706,0.788,0.546,50.85,377.29,288.46,2.17,12.8,76.23,186.93,553.71
13007,2.24,116.35,817.02,0.4709,0.7204,0.855675563,21.4667,1.8941,8,monsoon,263.0333,15.9093,210,winter,0.344734262,19.85,33.29,4.36,0.57,9.46,1592.39,3.0,1.45,0.3,0,2.85,108.41,0.53,0.03,3.35,192.31,0.513,0.811,0.358,48.5,383.56,296.74,2.81,10.08,69.58,158.39,543.88
13008,2.19,116.71,801.34,0.4824,0.7459,0.84343964,21.5333,1.8045,7,monsoon,266.0667,14.2791,210,winter,0.343206937,19.77,33.25,4.37,0.57,9.77,1595.13,2.98,1.44,0.31,0,2.89,112.31,0.52,0.02,3.4,190.35,0.502,0.81,0.354,48.04,383.06,295.51,2.71,10.17,69.54,158.44,544.56
13010,2.3,154.6,838.72,0.5475,0.8296,0.890630877,22.1333,1.6768,7,monsoon,278.1,12.7374,242,winter,0.340132635,19.99,33.26,4.41,0.44,10.87,1610.95,3.01,1.49,0.28,0,3.13,103.37,0.53,0.02,3.83,192.74,0.521,0.816,0.367,47.75,386.39,291.62,2.57,10.93,73.04,165.46,567.11
13012,2.31,155.08,843.65,0.5687,0.8565,0.804356007,22.2333,1.6469,8,monsoon,282.1333,12.0742,250,winter,0.339026144,19.96,33.21,4.39,0.44,10.97,1603.37,3.01,1.47,0.28,0,3.25,101.6,0.51,0.02,3.78,187.38,0.526,0.82,0.367,47.71,386.24,291.11,2.55,10.95,73.45,165.88,569.55
13013,1.69,118.46,617.72,0.6986,0.9372,0.826459109,21.5667,1.7629,11,monsoon,294.0333,13.826,251,winter,0.326224699,19.7,33.14,4.34,0.31,8.93,1584.38,2.98,1.38,0.27,0,3.49,97.04,0.46,0.01,3.2,167.04,0.39,0.833,0.271,50.71,372.02,304.88,3.26,8.17,59.92,139.24,527.49
13016,2.18,119.16,794.54,0.4784,0.7444,0.83261777,21.3667,1.8006,7,monsoon,265.7,14.5989,210,winter,0.342695957,19.79,33.26,4.37,0.57,9.71,1597.31,2.98,1.43,0.3,0,2.91,110.16,0.52,0.02,3.38,188.19,0.497,0.813,0.349,47.97,383.09,295.88,2.76,10.03,69.26,157.32,544.1
13017,2.25,118.84,820.71,0.4917,0.7527,0.84509071,21.3667,1.7756,7,monsoon,265.6333,14.2558,233,winter,0.343697851,19.8,33.26,4.36,0.56,9.93,1592.39,2.97,1.44,0.31,0,2.89,113.89,0.53,0.02,3.47,194.28,0.515,0.806,0.366,48.27,383.15,294.75,2.68,10.46,70.27,161.08,547.54
13025,2.25,161.08,820.63,0.564,0.8192,0.854613387,22.0667,1.6633,7,monsoon,276.7,12.5773,242,winter,0.341957471,20.02,33.42,4.45,0.45,10.75,1626.29,3.02,1.46,0.29,0,2.93,106.15,0.55,0.01,3.84,200.57,0.505,0.811,0.347,47.51,386.52,292.65,2.66,10.66,71.43,163.16,559.82
14001,7.55,464.15,2756.76,0.8342,0.7225,0.895568196,21.4333,2.2404,10,monsoon,249.5667,17.493,231,winter,0.371778238,20.45,31.86,3.66,0.17,6.59,1336.03,3.0,1.79,0.54,0,4.13,196.81,0.83,0.03,4.07,302.7,2.063,0.626,1.761,64.64,392.68,298.35,1.8,15.21,77.35,212.24,641.71
14003,7.69,431.56,2810.34,0.7698,0.7463,0.937816004,21.3,2.4297,14,monsoon,253.9667,18.271,260,winter,0.371387006,20.44,32.19,3.87,0.26,7.59,1413.19,3.01,1.65,0.46,0,3.88,168.81,0.86,0.04,4.37,315.79,1.989,0.657,1.477,61.51,391.22,299.53,2.2,14.12,75.68,207.11,622.94
14004,4.47,231.39,1632.18,0.8544,0.8392,0.914064234,21.0,2.1951,14,monsoon,269.8333,17.4461,250,winter,0.352854849,21.2,32.85,4.05,0.31,7.83,1479.29,2.95,1.6,0.4,0,4.3,144.94,0.76,0.02,3.95,277.49,1.103,0.714,0.865,57.45,383.29,302.43,2.48,12.75,72.66,184.05,523.39
14005,10.13,225.68,3698.45,0.4944,0.5949,0.947572151,22.7333,2.8066,17,monsoon,221.2667,11.6456,166,winter,0.227004583,21.56,31.52,3.75,0.27,6.23,1370.3,3.45,2.46,0.65,0,4.91,236.45,0.88,0.02,3.78,322.58,2.699,0.592,1.741,70.67,402.81,285.61,1.66,19.87,76.92,207.7,623.17
14008,3.46,173.81,1262.99,0.8003,0.8552,0.917531093,21.2667,2.1126,13,monsoon,274.8333,16.6903,259,winter,0.357155815,20.97,33.06,4.1,0.31,7.74,1496.41,3.05,1.6,0.38,0,5.07,139.41,0.75,0.02,4.07,274.26,0.844,0.724,0.702,55.67,383.81,302.08,2.51,12.46,72.26,181.38,515.8
14009,9.77,390.03,3567.89,0.789,0.6875,0.94125167,22.0667,2.3643,14,monsoon,244.3667,16.8917,231,winter,0.345540653,20.53,31.39,3.61,0.18,7.05,1318.97,3.05,1.94,0.54,0,4.81,197.8,0.92,0.02,4.27,336.74,2.705,0.595,2.05,66.41,396.82,295.84,1.75,15.86,77.37,213.39,680.58
14011,10.43,412.15,3808.59,0.8946,0.6958,0.921349159,21.7,2.3333,15,monsoon,247.5,18.9898,238,winter,0.369477997,20.53,31.39,3.62,0.27,6.99,1322.12,3.07,1.88,0.55,0,5.16,199.57,0.87,0.03,4.11,316.88,2.881,0.609,2.021,66.49,394.09,297.28,1.75,15.94,77.1,211.7,651.19
14012,5.26,325.75,1922.45,0.7425,0.8166,0.946673436,20.6,2.1684,14,monsoon,262.6333,16.9077,245,winter,0.373615508,21.2,32.85,3.84,0.3,7.71,1400.9,2.92,1.6,0.51,0,4.67,184.99,0.73,0.03,3.97,267.2,1.372,0.677,1.12,60.27,380.44,302.49,2.5,13.51,76.02,203.81,586.24
14014,6.23,349.84,2275.07,0.7339,0.8058,0.926599459,20.8333,2.3148,14,monsoon,260.3333,16.7238,258,winter,0.374770112,20.83,32.54,3.84,0.27,7.43,1402.93,2.93,1.61,0.53,0,4.17,193.82,0.79,0.03,4.43,289.54,1.622,0.655,1.449,60.89,384.98,299.76,2.37,14.41,77.52,214.18,659.5
14015,10.13,384.37,3701.37,0.9001,0.716,0.900108276,21.9667,2.1536,15,monsoon,250.7667,18.0408,238,winter,0.366872728,20.53,31.39,3.69,0.3,6.99,1349.35,3.17,1.78,0.5,0,5.3,184.44,0.93,0.03,4.44,339.76,2.743,0.612,2.119,67.64,395.05,299.27,1.9,15.22,76.57,209.04,579.95
15001,10.97,259.05,4007.5,0.4261,0.5361,0.810175377,19.6,2.0346,10,monsoon,199.4333,8.535,144,winter,0.190275208,19.56,29.78,3.6,0.3,6.05,1315.99,3.54,3.15,0.49,0,3.08,177.67,0.75,0.04,3.67,275.74,3.045,0.655,2.502,73.79,411.28,286.99,1.75,22.55,77.55,209.36,632.23
15003,2.53,145.13,923.23,0.3826,0.7432,0.920454372,19.2,1.4845,8,monsoon,251.0,6.6519,122,winter,0.160125525,20.33,30.11,3.77,0.37,6.94,1376.16,3.73,3.0,0.48,0,4.5,176.4,0.82,0.02,3.18,299.32,0.671,0.654,0.791,70.17,381.35,303.63,2.21,19.47,60.01,138.08,411.2
15005,6.07,269.03,2217.01,0.2907,0.527,0.329451392,17.3,1.7016,8,monsoon,190.0333,5.2934,118,winter,0.094695189,19.54,28.83,3.61,0.43,6.29,1317.33,3.59,3.39,0.71,0,4.66,260.14,0.87,0.02,2.89,317.42,1.683,0.562,1.607,79.45,401.19,288.7,1.24,30.38,79.95,200.92,518.44
15006,11.58,325.45,4231.07,0.4517,0.5482,0.704955189,19.7,2.3735,17,monsoon,211.4,9.2449,158,winter,0.186781332,19.47,29.84,3.66,0.26,6.06,1335.3,3.33,3.13,0.62,0,5.23,227.94,0.79,0.01,3.67,286.85,3.169,0.614,3.462,75.01,408.18,285.35,1.28,23.57,79.29,212.44,637.62
15007,4.56,242.96,1663.98,0.2818,0.6003,0.926774937,18.2,1.3317,6,monsoon,215.2,4.5658,94,winter,0.138679478,23.44,31.98,3.84,0.29,5.97,1404.04,3.89,3.19,0.46,0,3.12,168.76,0.8,0.04,2.81,292.9,1.185,0.671,1.107,76.97,415.57,286.08,2.17,26.1,71.32,176.3,444.3
15008,8.34,203.0,3046.07,0.353,0.5126,0.343277666,17.5333,2.604,14,monsoon,187.7667,7.759,142,winter,0.098885947,19.81,29.71,3.57,0.18,6.3,1304.01,3.86,3.68,0.77,0,6.59,280.5,0.73,0.02,3.7,265.92,2.336,0.581,2.256,74.38,410.09,285.71,1.24,26.91,80.79,212.97,589.54
15009,10.34,197.87,3776.6,0.3418,0.5305,0.934347302,18.6333,2.291,9,monsoon,190.8,7.5118,144,winter,0.106985173,19.89,29.69,3.57,0.16,6.11,1303.97,3.74,3.17,0.73,0,6.31,268.0,0.67,0.02,3.3,245.44,2.896,0.606,2.484,75.79,404.16,287.69,1.26,27.32,79.82,210.12,540.77
15010,11.37,309.81,4152.82,0.3894,0.5552,0.898935439,19.9667,2.5489,9,monsoon,202.9333,9.3231,156,winter,0.07016083,19.53,29.88,3.71,0.29,6.57,1355.91,3.93,3.43,0.59,0,5.16,216.28,0.8,0.01,3.57,291.38,3.063,0.626,3.309,74.18,407.64,282.82,1.51,22.46,78.53,210.77,645.6
15011,8.36,213.56,3053.31,0.2614,0.5193,0.928796775,16.2333,1.8876,8,monsoon,176.6333,4.9431,137,winter,0.098972031,22.1,30.84,3.34,0.12,5.75,1219.47,3.85,3.13,0.84,0,9.48,306.39,0.92,0.01,3.31,337.31,2.504,0.472,1.624,79.69,416.68,289.98,0.88,32.93,85.51,217.41,509.93
15012,9.15,292.11,3342.3,0.2792,0.5497,0.784297673,17.4333,1.4448,7,monsoon,189.7,4.6994,121,winter,0.168923616,22.43,31.1,3.46,0.03,5.72,1264.66,3.8,3.63,0.71,0,9.91,258.33,0.98,0.02,3.3,359.23,2.643,0.512,1.58,78.26,419.2,289.04,1.24,32.47,84.54,214.33,508.12
15013,6.71,273.78,2450.89,0.3515,0.5652,0.587428132,18.1667,1.5139,7,monsoon,209.2667,6.0598,151,winter,0.167535633,19.11,29.05,3.51,0.28,5.74,1282.05,3.75,3.55,0.45,0,3.8,164.19,0.79,0.04,3.07,288.81,1.912,0.647,1.531,75.07,415.79,287.3,1.75,25.93,80.54,211.73,567.54
15014,9.18,264.56,3354.59,0.2637,0.5158,0.758013965,15.8333,1.5127,7,monsoon,178.9333,4.7673,121,winter,0.175140731,22.43,31.1,3.4,0.05,5.75,1243.16,3.69,3.5,0.72,0,8.17,263.02,0.97,0.02,3.29,354.47,2.698,0.503,1.721,78.72,419.91,289.17,1.01,32.66,85.49,216.73,497.71
15016,4.15,218.91,1515.26,0.3198,0.5314,0.596691436,16.9333,1.5347,7,monsoon,208.9333,5.7663,93,winter,0.181743687,19.73,29.18,3.78,0.45,6.87,1379.51,3.34,2.82,0.48,0,2.67,175.55,0.88,0.04,2.96,323.08,1.098,0.639,1.104,70.98,406.15,296.15,2.69,21.1,68.12,171.33,494.16
15017,5.94,189.77,2171.2,0.2998,0.5216,0.829571462,15.7667,1.8263,8,monsoon,193.0333,5.6775,118,winter,0.107594843,19.04,29.1,3.39,0.28,5.47,1239.0,3.37,3.12,0.62,0,4.12,226.3,0.7,0.02,2.62,255.96,1.752,0.611,1.679,75.96,404.04,291.3,1.26,29.39,83.62,214.5,550.77
15018,3.29,193.55,1203.02,0.2958,0.6523,0.339365444,18.9667,1.4296,9,post-monsoon,230.3667,5.2877,105,winter,0.131570531,24.02,32.87,4.12,0.32,6.29,1506.17,3.55,3.23,0.36,0,2.18,130.06,0.82,0.03,2.9,300.36,0.799,0.714,0.909,77.31,408.22,292.5,2.99,21.27,59.72,138.15,382.68
15019,5.4,176.09,1974.19,0.2396,0.4841,0.344014614,13.8667,1.3729,6,monsoon,176.9,4.1624,63,winter,0.119246652,22.54,31.42,3.67,0.08,6.03,1339.4,3.59,3.44,0.83,0,6.87,304.32,0.92,0.02,3.19,334.66,1.474,0.523,1.314,79.49,409.0,289.96,1.45,33.08,85.55,215.35,512.78
15020,2.66,145.01,972.64,0.3751,0.6454,0.441169586,19.1333,1.4314,6,monsoon,238.2,6.0714,119,winter,0.183273737,19.99,29.57,3.88,0.36,7.07,1416.79,3.24,2.57,0.43,0,3.5,157.84,0.88,0.04,3.12,322.83,0.687,0.661,0.764,68.16,399.74,302.23,3.21,17.05,59.96,144.47,469.24
15021,5.47,159.36,1999.56,0.2418,0.482,0.505239415,14.1333,1.6245,8,monsoon,173.7,4.7807,107,winter,0.136838607,21.33,30.57,3.48,0.27,5.96,1270.29,3.32,3.18,0.86,0,4.07,313.61,0.82,0.02,2.79,299.67,1.574,0.517,1.389,80.49,393.56,293.22,1.38,32.59,83.82,204.21,503.61
15022,5.51,257.57,2013.21,0.2637,0.5295,0.356437454,14.9333,1.2986,7,monsoon,192.3333,4.1362,91,winter,0.102413756,23.26,32.01,3.82,0.14,6.3,1396.19,3.66,3.5,0.72,0,5.12,261.8,0.91,0.03,3.27,330.7,1.442,0.576,1.195,77.45,413.68,285.51,1.99,31.0,82.66,209.39,512.17
15023,5.37,144.77,1960.01,0.359,0.5637,0.862236197,17.7667,2.2208,13,monsoon,199.3667,6.5509,150,winter,0.067418611,19.89,29.39,3.49,0.14,6.27,1276.3,3.8,3.41,0.73,0,7.63,266.44,0.66,0.01,3.29,240.06,1.536,0.603,2.127,77.28,406.46,285.55,1.16,29.44,82.52,214.84,586.08
15024,5.34,277.1,1951.88,0.361,0.5622,0.646511624,18.6,1.533,7,monsoon,214.0333,5.7951,156,winter,0.152593395,19.39,28.88,3.66,0.33,6.67,1336.03,3.48,3.14,0.54,0,4.93,198.86,0.91,0.03,3.24,333.46,1.461,0.602,1.433,73.32,414.46,293.1,1.89,25.25,78.92,208.6,550.74
15026,8.77,231.57,3203.96,0.2423,0.4804,0.770823171,15.0667,1.7385,8,monsoon,166.1,4.8285,149,winter,0.185273477,21.74,30.55,3.41,0.13,5.83,1246.37,3.87,3.68,0.67,0,6.9,246.3,0.95,0.02,3.19,346.45,2.571,0.524,1.716,79.12,419.3,286.96,1.0,32.01,84.39,214.9,500.53
15030,5.13,181.06,1873.91,0.2492,0.5002,0.298169604,14.6333,1.3104,8,monsoon,187.9667,4.0135,67,winter,0.101236226,22.53,31.39,3.74,0.09,6.16,1367.43,3.77,3.62,0.76,0,5.38,278.46,0.92,0.03,3.17,335.64,1.37,0.551,1.218,76.88,413.23,289.03,1.97,31.08,82.17,206.28,500.68
15031,2.96,160.8,1082.55,0.3147,0.688,0.615477362,18.9333,1.3556,10,post-monsoon,234.9667,4.9887,107,winter,0.139333108,22.63,31.68,3.74,0.13,6.22,1366.96,3.12,2.97,0.92,0,5.39,334.61,0.78,0.01,3.23,286.27,0.792,0.546,1.162,79.82,380.88,294.16,1.68,32.11,83.5,197.15,463.78
15032,10.4,272.91,3798.23,0.4292,0.5495,0.949970381,19.5333,2.2113,10,monsoon,202.0333,7.9645,151,winter,0.034393281,19.4,29.8,3.62,0.28,6.01,1323.81,3.98,3.47,0.56,0,4.05,203.97,0.77,0.02,3.78,281.2,2.869,0.634,2.956,74.64,409.21,286.47,1.39,23.22,79.03,212.91,656.64
16001,3.17,284.87,1156.78,0.4477,0.7557,0.50588288,20.5667,1.4518,7,monsoon,253.1667,6.2873,164,winter,0.223895689,22.31,31.8,3.67,0.27,7.41,1340.91,2.98,2.16,0.23,0,4.24,84.75,0.66,0.01,3.57,239.81,0.863,0.758,0.681,67.92,395.31,284.3,1.92,15.87,60.77,139.09,494.05
16004,3.69,165.9,1346.27,0.3793,0.669,0.700269803,18.0,1.4555,7,monsoon,230.2667,5.8791,161,winter,0.21422531,21.31,32.38,3.52,0.18,7.49,1285.73,2.87,2.26,0.32,0,5.54,116.9,0.57,0.0,3.52,209.0,1.047,0.747,0.817,65.23,391.3,283.42,1.36,17.33,63.63,161.95,471.1
16007,3.68,157.88,1342.43,0.3743,0.659,0.689472728,17.5333,1.4611,5,monsoon,227.2333,5.7673,161,winter,0.214080503,21.31,32.35,3.52,0.17,7.43,1285.82,2.87,2.25,0.32,0,5.73,115.1,0.58,0.01,3.56,210.08,1.044,0.747,0.806,65.46,392.25,283.44,1.35,17.21,63.49,160.81,474.77
16012,3.64,176.39,1328.24,0.3872,0.6819,0.648141223,18.8333,1.4675,8,monsoon,235.2667,6.3074,167,winter,0.236654929,21.25,32.5,3.5,0.18,7.99,1278.71,2.88,2.17,0.25,0,4.82,92.02,0.57,0.01,3.81,208.09,1.039,0.765,0.779,66.76,395.27,279.83,1.56,16.87,62.52,152.8,481.78
16014,3.41,138.97,1244.74,0.3769,0.6104,0.640429138,18.0667,1.3969,7,monsoon,229.9,6.0394,152,winter,0.239583668,21.36,31.93,3.6,0.28,7.57,1316.38,2.9,2.11,0.29,0,6.8,106.7,0.61,0.01,3.1,221.67,0.946,0.751,0.714,67.01,391.63,282.22,1.69,16.19,64.0,153.84,509.54
17001,2.94,105.86,1072.19,0.3568,0.7672,0.678876138,21.2,1.4228,9,post-monsoon,258.6,6.6195,98,winter,0.194887888,22.63,31.68,3.79,0.18,6.07,1384.25,2.97,2.27,0.55,0,6.16,200.79,0.96,0.02,3.18,351.25,0.775,0.601,0.578,67.64,387.0,304.94,1.97,19.42,61.05,139.56,425.44
17003,2.25,140.63,821.63,0.4121,0.7501,0.592606928,21.6667,1.4069,5,monsoon,268.6,7.1818,134,winter,0.187476737,21.01,32.1,4.09,0.29,7.25,1494.45,2.93,1.76,0.45,0,4.04,163.18,0.6,0.01,3.14,218.97,0.55,0.744,0.337,60.18,383.62,306.77,3.85,11.91,58.05,141.21,484.54
17005,2.67,145.72,976.94,0.3482,0.6822,0.643038983,19.9,1.4248,6,monsoon,247.2667,6.647,134,winter,0.218485516,22.17,32.89,4.25,0.34,7.32,1551.47,3.05,1.9,0.42,0,3.53,154.06,0.69,0.03,3.27,253.58,0.63,0.737,0.415,61.45,398.15,299.86,3.13,12.86,62.09,150.64,515.33
17006,2.21,124.06,806.49,0.4061,0.7101,0.548083983,21.3,1.4137,6,monsoon,262.7,6.9991,158,winter,0.174079168,20.23,31.27,4.03,0.28,7.33,1473.2,2.94,1.81,0.47,0,3.32,170.05,0.64,0.02,2.98,234.9,0.547,0.725,0.38,60.07,382.05,305.74,3.95,12.37,57.81,136.98,473.29
17007,2.41,121.44,881.71,0.3269,0.6935,0.765120881,19.7667,1.4324,7,post-monsoon,254.7,6.1423,81,winter,0.182325804,22.64,31.7,4.17,0.28,6.71,1522.23,3.06,2.19,0.41,0,2.67,150.92,0.73,0.06,2.92,265.79,0.579,0.726,0.421,62.86,407.67,301.28,2.3,13.98,64.03,156.33,532.67
17009,2.48,148.81,907.03,0.3722,0.7522,0.719782752,19.0,1.5364,9,monsoon,260.6,6.5477,146,winter,0.219514303,23.89,33.98,4.29,0.36,7.21,1568.47,3.13,2.06,0.39,0,3.01,142.03,0.64,0.03,2.92,232.67,0.578,0.761,0.452,61.96,408.66,297.59,2.67,12.72,66.17,162.79,543.04
17011,2.16,98.76,790.64,0.3147,0.7158,0.596905769,19.9667,1.5599,10,post-monsoon,259.2667,6.4441,106,winter,0.186431967,23.64,32.55,4.13,0.28,6.49,1508.21,3.26,2.47,0.39,0,2.33,142.25,0.93,0.06,2.92,341.15,0.524,0.679,0.558,69.0,406.16,293.87,2.81,17.02,63.08,155.22,526.99
17012,3.11,204.33,1134.4,0.4482,0.8137,0.72737605,21.0333,1.5024,8,monsoon,265.9667,6.6216,142,winter,0.254626724,23.11,33.53,4.18,0.21,7.9,1528.62,3.08,1.85,0.37,0,4.27,134.11,0.72,0.02,3.48,264.71,0.742,0.739,0.445,62.25,403.96,293.75,2.44,12.71,62.94,154.18,527.54
17015,2.6,117.48,949.61,0.2989,0.6218,0.48969664,18.3,1.4409,6,post-monsoon,234.7333,5.4086,99,winter,0.163226795,22.24,31.75,3.83,0.24,6.1,1400.37,3.05,2.34,0.5,0,2.77,184.24,0.88,0.06,2.92,320.21,0.678,0.64,0.505,65.35,398.22,304.23,1.96,17.33,61.04,142.77,466.91
17019,2.55,116.98,932.53,0.3288,0.6823,0.676321835,20.5333,1.4359,10,post-monsoon,247.3333,5.6858,105,winter,0.136812823,22.11,31.44,3.47,0.15,5.8,1268.39,3.04,2.79,0.61,0,4.17,222.52,0.83,0.03,2.81,303.52,0.735,0.585,0.694,70.86,382.07,305.21,2.12,23.1,66.22,150.31,454.94
17022,2.26,114.58,826.82,0.3401,0.6552,0.659094771,20.9,1.4218,6,monsoon,252.3,6.746,122,winter,0.184840187,21.1,32.07,4.19,0.34,6.86,1531.95,3.02,1.95,0.44,0,3.93,159.56,0.68,0.03,3.14,247.2,0.54,0.734,0.403,60.09,391.53,303.85,3.42,12.92,60.37,144.13,484.89
17024,2.33,118.45,849.95,0.3276,0.6427,0.717635062,20.0,1.3953,6,monsoon,248.5,6.7283,153,winter,0.191341126,21.47,32.29,4.21,0.35,7.0,1539.26,3.04,1.96,0.43,0,3.98,157.43,0.69,0.03,3.1,251.49,0.552,0.734,0.413,60.28,394.49,302.69,3.33,12.93,61.15,146.67,494.04
